Village_Name,Latitude,Longitude,Elevation_m,Slope_deg,Aspect_deg,Roughness,Curvature,Rainfall_mm,Distance_to_River_km,Label,Point_Type,Rainfall_CHIRPS_mm,Distance_to_Road_km_REAL,Rainfall_3Day_Cumulative_mm,Rainfall_7Day_Cumulative_mm,NDVI_Vegetation
Irshalwadi,18.9339,73.2358,419,6.73,46.59,5.71,-6.0,2804.186324786325,2.987,1,documented_positive,2456.0534674167634,4.049,18.59004497528076,91.07803211212158,0.3437745571136474
Taliye,18.11,73.584,333,29.18,330.59,19.19,10.0,739.7444444444445,1.16,1,documented_positive,1503.5855452537537,1.949,8.938951873779297,60.1575210571289,0.3300824761390686
Dasgaon,18.0984592,73.3294819,25,9.16,334.83,5.14,-3.0,2804.186324786325,2.242,1,documented_positive,2266.3540229558944,1.12,19.325009536743163,121.47200431823732,0.484178364276886
Bhilar (Bhillar),17.913,73.762,1260,5.39,46.59,4.34,2.0,739.7444444444445,1.815,1,documented_positive,1421.529329007864,2.365,11.93136520385742,21.798180961608885,0.2354204356670379
Roha,18.44658,73.1238722,11,2.1,27.86,0.89,-3.0,2804.186324786325,0.326,1,documented_positive,2306.487754678726,0.826,40.43569278717041,133.05210208892822,0.1906624138355255
Harnai,17.8125695,73.0924809,11,0.98,90.0,1.27,-3.0,2804.186324786325,3.441,1,documented_positive,2926.529068684578,1.553,71.5826286315918,190.7464408874512,0.3916750252246856
Mirgaon,17.4252263,73.7478941,721,7.39,41.38,6.14,3.0,739.7444444444445,2.86,1,documented_positive,1671.8805128216743,0.719,18.780722999572752,50.88637428283691,0.3690600395202636
Humbarli (Humberli),17.4122443,73.7362006,848,0.98,90.0,3.35,-1.0,739.7444444444445,1.999,1,documented_positive,1671.8805128216743,0.736,18.780722999572752,50.88637428283691,0.3112516105175018
Jor,17.9807741,73.6796808,831,2.1,332.14,3.06,-3.0,739.7444444444445,0.632,1,documented_positive,1430.7547336637974,2.991,7.530393981933594,23.76404228210449,0.3761776089668274
Sutarwadi (2021 event),18.5151266,73.6558357,635,0.93,180.0,2.16,-3.0,739.7444444444445,2.74,1,documented_positive,1009.8600453972816,0.423,4.898881149291992,32.96188850402832,0.3040047883987427
Kevanale,17.9542804,73.5553121,262,1.96,90.0,7.53,-4.0,739.7444444444445,3.067,1,documented_positive,1754.7738581597805,1.969,18.053613662719727,63.925411224365234,0.279811143875122
Tala,18.2922341,73.1402253,140,1.35,133.41,3.05,-4.0,2804.186324786325,2.369,1,documented_positive,2378.904508423805,0.925,18.19388370513916,113.24952335357666,0.3381235599517822
Wahal,18.9742376,73.0362545,5,5.64,9.99,3.04,1.0,2804.186324786325,3.335,1,documented_positive,2786.840656971932,0.637,31.3730806350708,147.43834552764892,0.0450342297554016
Matheran,18.9901544,73.2700191,782,7.86,83.26,5.49,-3.0,2804.186324786325,1.329,1,documented_positive,2201.952854537964,5.743,9.189061737060548,65.61703186035156,0.7368459701538086
Bhose,17.9270256,73.7584884,1245,13.95,321.59,8.14,5.0,739.7444444444445,2.586,1,documented_positive,1421.529329007864,2.697,11.93136520385742,21.798180961608885,0.1977388858795166
Panchagani,17.9239543,73.7992681,1258,2.95,19.41,2.68,-2.0,739.7444444444445,2.16,1,documented_positive,1421.529329007864,0.287,11.93136520385742,21.798180961608885,0.0849562361836433
Metgutad,17.9243527,73.7013101,1283,10.3,190.88,7.11,3.0,739.7444444444445,3.899,1,documented_positive,1278.9048665642738,0.38,9.915658569335935,22.42593097686768,0.6178517937660217
RandomPoint_1,18.472942,73.815049,565,2.1,332.14,1.33,1.0,739.7444444444445,0.325,0,random_negative_sample,793.2844284713268,0.603,13.872488021850586,27.05615921020508,0.3678034245967865
RandomPoint_2,18.784359,72.930408,13,10.39,69.27,7.85,10.0,2804.186324786325,2.017,0,random_negative_sample,2852.1364342451097,0.239,25.98303508758545,142.85780963897705,0.5252764821052551
RandomPoint_3,17.437276,73.558033,329,17.52,192.55,14.33,-3.0,739.7444444444445,4.144,0,random_negative_sample,2286.584463638067,4.271,29.872369384765623,130.44630966186523,0.6414633989334106
RandomPoint_4,18.299769,73.617412,684,3.84,194.8,3.17,-3.0,739.7444444444445,1.092,0,random_negative_sample,1202.645739555359,0.96,6.628662872314453,26.25190124511719,-0.6189274191856384
RandomPoint_5,17.440881,73.683899,205,19.82,188.2,12.42,1.0,739.7444444444445,1.391,0,random_negative_sample,1820.071985733509,1.326,16.74323425292969,38.3581485748291,0.6860137581825256
RandomPoint_6,18.611639,73.847209,581,6.14,232.88,2.18,1.0,739.7444444444445,1.715,0,random_negative_sample,814.0371952533721,0.46,0.0,28.206920051574706,0.3831913471221924
RandomPoint_7,18.914426,73.304892,94,1.35,133.41,2.29,0.0,2804.186324786325,0.891,0,random_negative_sample,2263.825462126732,0.851,24.114626693725587,105.49932441711424,0.3242073655128479
RandomPoint_8,18.694989,73.705589,706,31.46,305.66,24.64,-7.0,739.7444444444445,1.496,0,random_negative_sample,930.7668284773828,0.754,3.138780212402344,35.53065719604492,0.2988882958889007
RandomPoint_9,18.614257,73.894598,652,17.35,189.48,14.2,-4.0,739.7444444444445,3.255,0,random_negative_sample,659.5514241099357,1.349,0.0,20.015327835083006,0.3559323847293854
RandomPoint_10,18.072456,74.259674,541,3.48,122.24,2.26,3.0,739.7444444444445,0.089,0,random_negative_sample,681.0364443182946,2.495,7.372596073150635,14.251744556427004,0.2770355939865112
RandomPoint_11,17.757069,73.628061,673,5.24,69.27,5.16,5.0,739.7444444444445,0.389,0,random_negative_sample,1861.435951197148,0.876,17.383111190795898,36.802214813232425,0.622512698173523
RandomPoint_12,18.658809,73.72778,582,2.17,295.31,1.44,1.0,739.7444444444445,2.289,0,random_negative_sample,930.7668284773828,0.759,3.138780212402344,35.53065719604492,0.3546738922595978
RandomPoint_13,18.723414,73.666028,627,1.96,90.0,1.79,0.0,739.7444444444445,3.33,0,random_negative_sample,1122.309056764841,0.43,2.575571823120117,44.48428611755371,0.5580363869667053
RandomPoint_14,17.455797,73.234082,144,4.81,125.35,3.57,3.0,2804.186324786325,4.079,0,random_negative_sample,3086.525678485632,1.61,38.91710033416748,143.20611686706542,0.3857559561729431
RandomPoint_15,18.271369,73.347248,75,3.92,270.0,4.18,0.0,2804.186324786325,1.841,0,random_negative_sample,1838.4821855664247,1.959,19.721667098999024,77.48560218811035,0.495023101568222
RandomPoint_16,17.533956,74.204982,653,2.1,207.86,2.24,-3.0,739.7444444444445,2.046,0,random_negative_sample,583.7429763540625,3.391,9.436160850524905,16.41225643157959,0.5804030895233154
RandomPoint_17,18.296071,73.713697,675,2.1,332.14,1.43,1.0,739.7444444444445,2.158,0,random_negative_sample,989.9919323503972,2.81,13.217280864715576,28.83320207595825,0.3515743613243103
RandomPoint_18,17.342277,73.89369,746,25.83,320.4,22.17,-1.0,739.7444444444445,1.802,0,random_negative_sample,1324.681683537364,1.572,18.127635192871093,41.98771915435791,0.2872646749019623
RandomPoint_19,17.326805,73.369183,149,9.77,84.6,8.88,-9.0,2804.186324786325,1.654,0,random_negative_sample,2821.2476876676083,3.0,54.0517915725708,147.46249027252196,0.5088863372802734
RandomPoint_20,18.979047,73.76,640,0.0,270.0,0.0,0.0,739.7444444444445,4.161,0,random_negative_sample,1288.867672020197,1.837,6.067026901245117,49.431283950805664,-0.4771200120449066
RandomPoint_21,18.113899,73.826921,999,24.79,155.9,24.47,-7.0,739.7444444444445,2.385,0,random_negative_sample,1077.3668474525214,2.95,11.816976928710938,25.71726474761963,0.3924075663089752
RandomPoint_22,18.685704,73.964,574,6.06,139.78,2.61,1.0,739.7444444444445,2.984,0,random_negative_sample,564.5015603169799,1.544,6.317586708068848,23.279146575927733,0.4686059057712555
RandomPoint_23,17.630906,73.201611,131,12.47,291.51,6.79,5.0,2804.186324786325,3.38,0,random_negative_sample,3029.690356427431,1.56,50.27140502929687,172.8623670578003,0.6615796089172363
RandomPoint_24,17.421966,74.214365,666,2.95,340.59,1.8,4.0,739.7444444444445,5.68,0,random_negative_sample,594.4490892052651,1.95,6.835589027404785,15.881131362915038,0.4535653591156006
RandomPoint_25,18.752735,73.272017,80,4.34,64.69,1.8,4.0,2804.186324786325,1.09,0,random_negative_sample,2515.97421760559,1.247,0.0,100.6963508605957,0.4014314115047455
RandomPoint_26,18.310877,73.393448,744,24.22,193.22,15.78,1.0,2804.186324786325,2.021,0,random_negative_sample,1344.743477845192,4.476,5.745317840576172,34.28859672546387,0.8060545325279236
RandomPoint_27,18.829095,73.488278,655,4.05,133.41,3.36,-6.0,2804.186324786325,1.607,0,random_negative_sample,1898.180836379528,3.029,0.0,66.88649120330811,0.4298034012317657
RandomPoint_28,17.52976,73.169941,129,11.62,270.0,6.71,-2.0,2804.186324786325,2.49,0,random_negative_sample,3051.073338735104,2.177,51.67921142578125,133.07192993164062,0.4146740436553955
RandomPoint_29,18.122736,73.194112,267,13.96,74.88,9.38,-6.0,2804.186324786325,4.481,0,random_negative_sample,2497.882389509678,2.581,27.54864387512207,132.74084396362304,0.6614437103271484
RandomPoint_30,18.169172,74.146734,620,3.48,237.76,2.24,1.0,739.7444444444445,1.26,0,random_negative_sample,589.6136843830348,0.933,8.190901947021484,14.878918552398682,0.1307126879692077
RandomPoint_31,17.798801,73.128981,198,7.86,263.26,3.73,-5.0,2804.186324786325,2.065,0,random_negative_sample,2884.910282230377,2.419,60.217367553710936,203.9525939941406,0.3929017782211303
RandomPoint_32,18.995075,73.564289,1076,8.8,199.41,10.87,-8.0,739.7444444444445,2.075,0,random_negative_sample,1553.3851267457007,2.348,2.7207762718200685,63.22655153274536,0.3480331897735595
RandomPoint_33,17.219298,73.741169,709,26.88,134.74,22.08,-1.0,739.7444444444445,2.315,0,random_negative_sample,1782.7282819509503,10.832,19.813868713378906,68.01673622131348,0.7452290654182434
RandomPoint_34,18.584159,73.43324,656,17.37,291.28,13.83,0.0,2804.186324786325,4.211,0,random_negative_sample,1544.006528699398,0.238,1.5992103576660155,61.59852523803711,0.6324933171272278
RandomPoint_35,17.127055,73.372429,178,14.92,236.78,8.72,-6.0,2804.186324786325,3.848,0,random_negative_sample,2976.6481113761665,1.449,61.70859603881836,196.81740493774413,0.63225257396698
RandomPoint_36,18.992243,73.593672,875,0.0,270.0,2.51,2.0,739.7444444444445,2.253,0,random_negative_sample,1553.3851267457007,3.364,2.7207762718200685,63.22655153274536,0.4177127182483673
RandomPoint_37,18.942157,74.09117,655,2.17,295.31,1.26,-1.0,739.7444444444445,3.317,0,random_negative_sample,761.4359578549862,1.515,3.5274105072021484,21.398338317871094,0.447424829006195
RandomPoint_38,17.022962,73.881083,761,3.48,237.76,1.71,5.0,739.7444444444445,2.565,0,random_negative_sample,1559.9227805912494,3.707,36.45811767578125,82.12093925476074,0.3529072701931
RandomPoint_39,18.363421,73.605455,749,6.73,313.41,6.92,-12.0,739.7444444444445,2.391,0,random_negative_sample,1167.0315620422364,1.598,6.9256103515625,33.94744033813477,0.2662223875522613
RandomPoint_40,17.53365,73.761443,703,4.81,305.35,7.95,7.0,739.7444444444445,4.634,0,random_negative_sample,1802.682431286573,7.962,22.594033432006835,58.45756492614746,0.7897297739982605
RandomPoint_41,17.223104,73.452148,37,16.38,6.7,8.85,-6.0,2804.186324786325,2.957,0,random_negative_sample,2700.634594023228,1.974,34.56052837371826,131.98707370758058,0.4476447999477386
RandomPoint_42,17.907447,74.230724,699,1.86,0.0,1.58,0.0,739.7444444444445,3.111,0,random_negative_sample,564.8488430917263,3.283,7.457720565795898,11.0581485748291,0.3812992870807647
RandomPoint_43,18.751706,73.195084,97,8.82,84.0,4.99,-4.0,2804.186324786325,1.598,0,random_negative_sample,2550.5843558073043,3.175,17.00710277557373,129.91798229217528,0.4051919281482696
RandomPoint_44,18.001172,73.067978,164,25.69,55.04,13.93,-2.0,2804.186324786325,1.268,0,random_negative_sample,2685.8063628554346,1.533,61.92905941009521,168.12683391571045,0.6974856853485107
RandomPoint_45,18.825256,74.105778,698,5.64,9.99,4.54,1.0,739.7444444444445,7.125,0,random_negative_sample,617.6626199826599,4.335,0.0,12.622832775115969,0.3920725286006927
RandomPoint_46,17.59689,73.758424,642,0.0,270.0,1.81,0.0,739.7444444444445,7.063,0,random_negative_sample,1752.18620595932,8.314,19.49919261932373,47.32293949127197,-0.2218437194824218
RandomPoint_47,18.21794,73.029259,205,8.06,313.41,8.01,0.0,2804.186324786325,1.649,0,random_negative_sample,2603.422482299805,3.098,21.278862762451173,126.68750534057617,0.5177667737007141
RandomPoint_48,18.525022,73.609069,569,2.95,19.41,2.42,4.0,739.7444444444445,0.211,0,random_negative_sample,1138.8215574085712,3.359,0.0,26.10970115661621,0.5276604890823364
RandomPoint_49,18.557253,73.595531,589,2.95,199.41,1.83,2.0,739.7444444444445,1.549,0,random_negative_sample,1191.4500820994376,2.982,0.0,34.81225738525391,0.280944287776947
RandomPoint_50,17.001144,73.286234,5,3.41,35.17,2.2,1.0,2804.186324786325,5.361,0,random_negative_sample,3087.113459482789,3.477,56.19621009826661,176.33984489440917,0.3927169144153595
RandomPoint_51,17.038953,74.193648,606,0.0,270.0,0.79,0.0,739.7444444444445,0.623,0,random_negative_sample,795.0672987371684,2.83,18.05529060363769,39.71530284881592,0.4369285404682159
RandomPoint_52,18.757444,74.047498,645,4.03,76.69,2.31,-1.0,739.7444444444445,2.753,0,random_negative_sample,661.9086907550693,3.182,0.0,17.448824310302733,0.2475030571222305
RandomPoint_53,18.756019,74.220424,607,0.98,270.0,1.2,1.0,739.7444444444445,2.093,0,random_negative_sample,522.7531876772642,1.429,2.4719623565673827,10.593284559249875,0.2508143782615661
RandomPoint_54,17.171307,73.528986,11,9.73,90.0,6.74,0.0,2804.186324786325,2.289,0,random_negative_sample,2586.2404697299003,2.004,43.288400650024414,155.01309299468994,0.6801797151565552
RandomPoint_55,17.138425,73.940903,940,0.98,270.0,2.16,-5.0,739.7444444444445,1.399,0,random_negative_sample,1240.8598018527032,0.532,20.642919921875,48.19613695144653,0.3275573551654815
RandomPoint_56,18.531669,72.992587,84,1.35,313.41,1.71,2.0,2804.186324786325,1.89,0,random_negative_sample,2824.4516140937803,0.318,43.29200744628906,158.03767623901368,0.3410865366458893
RandomPoint_57,17.950565,73.624705,795,10.12,144.83,7.85,3.0,739.7444444444445,1.461,0,random_negative_sample,1544.1866675674914,1.702,7.753135681152344,31.147534942626955,0.3387218415737152
RandomPoint_58,17.530113,74.10865,639,0.93,180.0,1.41,-3.0,739.7444444444445,2.571,0,random_negative_sample,787.9111692503095,1.699,8.66034164428711,19.411729049682616,0.4533537328243255
RandomPoint_59,17.846276,73.117697,172,17.05,133.41,10.32,2.0,2804.186324786325,3.243,0,random_negative_sample,2905.2056725144384,1.998,46.704193115234375,200.73481292724608,0.7516642808914185
RandomPoint_60,18.078592,73.894897,757,5.24,110.73,2.61,3.0,739.7444444444445,3.5,0,random_negative_sample,899.1267138332129,0.543,6.667510986328125,16.125431728363036,0.318158745765686
RandomPoint_61,17.402302,73.267574,139,5.94,81.04,4.32,1.0,2804.186324786325,2.478,0,random_negative_sample,2923.3573213994505,2.26,35.522616958618165,130.9504837036133,0.460521936416626
RandomPoint_62,18.990299,73.774817,684,2.1,27.86,3.68,-3.0,739.7444444444445,4.109,0,random_negative_sample,1288.867672020197,2.449,6.067026901245117,49.431283950805664,0.3938831388950348
RandomPoint_63,17.8762,73.576364,995,36.96,232.88,40.3,-9.0,739.7444444444445,1.215,0,random_negative_sample,1941.5245691537857,4.92,23.108596420288087,44.52084655761719,0.2345121353864669
RandomPoint_64,17.676171,73.682463,758,36.62,200.24,42.11,6.0,739.7444444444445,2.99,0,random_negative_sample,1651.8242735624312,4.481,14.329482460021971,47.42661952972412,0.514458954334259
RandomPoint_65,17.141986,73.746654,818,10.83,260.24,8.26,5.0,739.7444444444445,4.758,0,random_negative_sample,1764.2791438221932,8.923,18.900187683105468,88.03664932250976,0.4995531439781189
RandomPoint_66,17.457884,74.15813,631,0.93,180.0,1.24,-1.0,739.7444444444445,6.597,0,random_negative_sample,660.7702929243445,2.616,6.736401557922363,14.422303676605225,0.5036458373069763
RandomPoint_67,18.719271,72.906286,17,2.94,90.0,1.21,-1.0,2804.186324786325,0.81,0,random_negative_sample,2725.776556253433,0.627,24.81109485626221,146.5491174697876,0.3656251728534698
RandomPoint_68,17.476009,73.803467,682,13.9,223.86,6.89,-1.0,739.7444444444445,4.327,0,random_negative_sample,1458.399018484354,3.518,21.685131072998047,39.60157070159912,0.7369970679283142
RandomPoint_69,18.871028,73.656565,681,5.48,147.61,3.07,-4.0,739.7444444444445,1.402,0,random_negative_sample,1248.0954313635823,0.766,5.76008186340332,46.83865852355957,0.2668139636516571
RandomPoint_70,17.945342,73.976929,747,3.41,324.83,1.79,-1.0,739.7444444444445,1.225,0,random_negative_sample,834.1795944958925,0.233,8.01973876953125,13.186536026000976,0.1702153384685516
RandomPoint_71,18.614994,73.085615,2,1.86,180.0,0.86,2.0,2804.186324786325,1.851,0,random_negative_sample,2596.421472287178,1.186,12.13149471282959,135.41022548675537,0.4127448797225952
RandomPoint_72,17.193862,73.446577,3,0.0,270.0,1.42,0.0,2804.186324786325,3.582,0,random_negative_sample,2847.238131886721,2.631,47.15070323944092,177.49041843414307,-0.3289941847324371
RandomPoint_73,17.847157,73.500537,812,37.74,65.23,26.82,5.0,2804.186324786325,2.968,0,random_negative_sample,2140.4021312355994,3.189,25.047764205932616,52.57361688613892,0.8695237636566162
RandomPoint_74,18.458152,73.810047,576,0.93,180.0,1.51,-1.0,739.7444444444445,1.513,0,random_negative_sample,793.2844284713268,0.34,13.872488021850586,27.05615921020508,0.2158657312393188
RandomPoint_75,17.805243,73.308954,120,2.79,180.0,2.08,3.0,2804.186324786325,3.086,0,random_negative_sample,2756.792869138718,1.997,39.16438293457031,181.02783012390137,0.3600624203681946
RandomPoint_76,18.723345,73.172985,40,2.1,207.86,1.02,-1.0,2804.186324786325,1.194,0,random_negative_sample,2478.13331964016,0.558,15.235832405090331,125.05231838226318,0.3767435252666473
RandomPoint_77,17.380418,73.47292,107,1.35,46.59,1.72,2.0,2804.186324786325,3.593,0,random_negative_sample,2681.166027891636,0.956,34.95295181274414,136.49946327209472,0.3391618132591247
RandomPoint_78,17.843763,73.217818,191,17.15,90.0,9.49,-12.0,2804.186324786325,1.86,0,random_negative_sample,3003.3684923291207,0.939,51.95052337646485,207.11235961914065,0.646285891532898
RandomPoint_79,17.499613,74.184898,684,4.74,11.94,3.62,0.0,739.7444444444445,5.065,0,random_negative_sample,660.7702929243445,2.039,6.736401557922363,14.422303676605225,0.3518259525299072
RandomPoint_80,17.886261,74.092024,791,0.0,270.0,1.15,0.0,739.7444444444445,1.695,0,random_negative_sample,905.5949353784324,2.472,14.723016738891602,22.200071334838867,0.4730214774608612
RandomPoint_81,18.998565,74.054041,614,2.17,64.69,1.87,1.0,739.7444444444445,2.913,0,random_negative_sample,860.1145568579435,1.666,3.646816253662109,23.651424598693847,0.721137285232544
RandomPoint_82,18.937993,74.18955,580,0.98,270.0,1.07,-1.0,739.7444444444445,1.351,0,random_negative_sample,629.2241892486811,2.224,2.591658020019531,16.602495193481445,0.0057306005619466
RandomPoint_83,18.697391,73.049467,4,0.93,180.0,0.93,-1.0,2804.186324786325,0.604,0,random_negative_sample,2639.894720196724,0.742,33.99968643188477,153.1070243835449,0.3550173938274383
RandomPoint_84,17.971282,73.120621,41,7.55,31.14,6.88,1.0,2804.186324786325,3.642,0,random_negative_sample,2755.43527854681,0.608,46.41823482513428,164.73333377838134,0.5625055432319641
RandomPoint_85,17.757946,74.277963,886,8.77,270.0,4.46,1.0,739.7444444444445,2.641,0,random_negative_sample,791.8258603006601,3.283,9.713506317138672,20.69101905822754,0.2586128115653991
RandomPoint_86,17.530406,73.976106,727,15.09,252.5,8.24,-6.0,739.7444444444445,3.344,0,random_negative_sample,810.2427659898997,1.594,8.162117004394531,29.683185863494877,0.2511208951473236
RandomPoint_87,17.910017,73.434511,298,26.23,60.42,20.23,-8.0,2804.186324786325,3.511,0,random_negative_sample,2265.525845396519,3.794,48.58272380828858,105.66818294525146,0.7960768342018127
RandomPoint_88,18.914635,74.293134,582,2.17,115.31,0.97,-1.0,739.7444444444445,1.235,0,random_negative_sample,694.2810823529959,0.741,2.395289421081543,17.935421562194826,0.2657020688056946
RandomPoint_89,18.111537,73.877612,720,4.34,115.31,2.61,-2.0,739.7444444444445,2.608,0,random_negative_sample,898.0642218321561,0.809,8.57976999282837,19.761905574798583,0.2244429290294647
RandomPoint_90,17.309594,73.245062,48,15.53,172.91,13.04,1.0,2804.186324786325,2.239,0,random_negative_sample,3124.2983415097,0.136,36.50725917816162,131.54699172973633,0.7303769588470459
RandomPoint_91,18.937419,73.66877,1055,13.9,43.86,9.52,-1.0,739.7444444444445,1.281,0,random_negative_sample,1210.275122189522,2.899,4.604543685913086,34.86766395568848,0.7709546089172363
RandomPoint_92,18.08439,73.921963,697,2.1,332.14,1.56,-3.0,739.7444444444445,1.374,0,random_negative_sample,842.5953805655241,0.879,9.097240447998049,15.355892181396484,0.37934011220932
RandomPoint_93,17.114331,73.676266,430,31.6,228.79,23.36,-18.0,739.7444444444445,1.881,0,random_negative_sample,2028.7666913986209,3.179,23.60279235839844,127.62765445709228,0.6020397543907166
RandomPoint_94,18.005701,74.07908,762,15.86,346.03,8.64,-13.0,739.7444444444445,4.789,0,random_negative_sample,768.636887934804,3.198,6.5624244689941404,16.981266212463378,0.172413632273674
RandomPoint_95,17.314865,74.241168,685,15.7,113.82,14.08,4.0,739.7444444444445,6.514,0,random_negative_sample,638.9413788318634,2.786,8.203693199157716,13.692352485656738,0.2983182966709137
RandomPoint_96,18.19007,73.812819,636,5.94,81.04,4.35,-1.0,739.7444444444445,3.63,0,random_negative_sample,1056.4905308306218,0.919,11.359893035888671,25.35829391479492,0.3892512917518616
RandomPoint_97,18.780575,73.169323,33,3.41,144.83,1.52,1.0,2804.186324786325,0.655,0,random_negative_sample,2550.5843558073043,4.903,17.00710277557373,129.91798229217528,0.499610424041748
RandomPoint_98,18.189038,73.729072,638,9.73,90.0,5.76,0.0,739.7444444444445,5.868,0,random_negative_sample,1034.4038266420364,1.74,7.39488525390625,25.534019470214844,0.6945217251777649
RandomPoint_99,17.83845,73.675508,1057,15.37,249.27,13.36,-15.0,739.7444444444445,3.623,0,random_negative_sample,1654.9051717042923,0.538,13.236349487304688,46.86695232391357,0.6504559516906738
RandomPoint_100,18.045565,74.202059,579,3.09,107.5,3.45,0.0,739.7444444444445,1.303,0,random_negative_sample,546.4005433768034,1.043,7.707088470458984,11.390447998046875,0.1594141870737075
RandomPoint_101,17.408518,73.874288,682,23.17,198.69,16.27,9.0,739.7444444444445,3.473,0,random_negative_sample,1234.340777245164,0.511,18.53531837463379,50.62702350616455,0.2770099937915802
RandomPoint_102,17.477372,73.393679,169,1.96,90.0,1.16,0.0,2804.186324786325,6.154,0,random_negative_sample,2802.7542587161065,1.678,39.03755321502685,137.35080108642578,0.2734639942646026
RandomPoint_103,18.34338,73.249996,68,3.09,107.5,1.94,-2.0,2804.186324786325,3.717,0,random_negative_sample,2096.061566448212,1.813,26.251000785827635,98.30893306732176,0.5034664273262024
RandomPoint_104,17.632354,73.927797,709,2.1,332.14,3.27,1.0,739.7444444444445,2.506,0,random_negative_sample,1004.864198821783,2.003,10.237067413330076,26.195694732666016,0.2311668694019317
RandomPoint_105,17.145086,73.487428,77,4.03,103.31,5.62,5.0,2804.186324786325,3.041,0,random_negative_sample,2777.883938074112,1.399,31.95671901702881,152.50342998504638,0.6256681084632874
RandomPoint_106,18.996909,74.294145,640,2.1,207.86,0.93,-3.0,739.7444444444445,4.875,0,random_negative_sample,706.9533375546337,1.363,5.767448806762696,19.60438632965088,0.6171493530273438
RandomPoint_107,17.530401,74.199889,650,1.86,180.0,1.52,-2.0,739.7444444444445,2.603,0,random_negative_sample,697.3737856164574,2.895,11.56270236968994,19.670589637756347,0.6197543740272522
RandomPoint_108,18.761728,74.118905,613,2.17,244.69,1.25,3.0,739.7444444444445,3.259,0,random_negative_sample,574.7233691930771,2.029,3.605635452270508,15.265102672576903,0.5486875772476196
RandomPoint_109,18.66749,73.85531,596,4.03,103.31,2.99,1.0,739.7444444444445,0.873,0,random_negative_sample,702.7100524067879,1.273,2.0954193115234374,29.97203197479248,0.0818574428558349
RandomPoint_110,18.223356,74.28085,611,0.0,270.0,1.22,0.0,739.7444444444445,1.127,0,random_negative_sample,588.9927979230881,1.928,11.465641212463378,16.5660062789917,0.3471069037914276
RandomPoint_111,18.634208,73.249068,130,16.91,57.76,13.17,3.0,2804.186324786325,2.705,0,random_negative_sample,2241.685476112366,4.656,12.823803329467774,89.94794731140136,0.4193952679634094
RandomPoint_112,18.326777,74.208395,674,1.96,90.0,1.29,0.0,739.7444444444445,2.771,0,random_negative_sample,502.0227027326822,0.888,5.675001525878907,12.291672420501708,0.311502993106842
RandomPoint_113,17.214072,73.629835,60,13.07,106.23,9.12,-5.0,739.7444444444445,1.633,0,random_negative_sample,2255.3096603572367,0.522,24.64702377319336,130.6803409576416,0.4174647331237793
RandomPoint_114,17.544696,73.707245,204,22.86,180.0,18.4,6.0,739.7444444444445,1.3,0,random_negative_sample,1540.2796261131764,3.046,19.05381488800049,38.11825752258301,0.772642195224762
RandomPoint_115,18.435224,73.105396,13,7.1,24.37,6.31,4.0,2804.186324786325,2.632,0,random_negative_sample,2306.487754678726,0.903,40.43569278717041,133.05210208892822,0.4022504091262817
RandomPoint_116,18.268476,73.195976,145,4.05,46.59,3.15,-4.0,2804.186324786325,3.914,0,random_negative_sample,2313.435683000088,3.112,30.305303955078124,99.04103088378906,0.3907395005226135
RandomPoint_117,17.977064,74.158005,649,4.03,283.31,1.72,3.0,739.7444444444445,3.246,0,random_negative_sample,628.8092827141285,3.76,9.747012710571289,13.934381103515625,0.3603391051292419
RandomPoint_118,18.692207,72.938448,83,8.36,353.3,8.2,0.0,2804.186324786325,5.278,0,random_negative_sample,2661.0141141176223,1.497,28.14216709136963,130.7186502456665,0.6095221042633057
RandomPoint_119,17.847152,73.21502,169,12.0,23.77,8.82,7.0,2804.186324786325,2.338,0,random_negative_sample,3003.3684923291207,1.276,51.95052337646485,207.11235961914065,0.7234196066856384
RandomPoint_120,17.007091,73.956679,597,7.46,51.75,5.58,-3.0,739.7444444444445,2.106,0,random_negative_sample,1110.2082494556903,1.506,21.85950927734375,59.42297401428223,0.3119688034057617
RandomPoint_121,18.274227,73.192933,136,5.03,22.92,5.08,5.0,2804.186324786325,3.709,0,random_negative_sample,2313.435683000088,2.41,30.305303955078124,99.04103088378906,0.2770344316959381
RandomPoint_122,18.482462,73.627521,746,11.66,85.49,11.29,1.0,739.7444444444445,4.081,0,random_negative_sample,1118.416298747063,1.777,0.0,28.67344436645508,0.354617714881897
RandomPoint_123,17.150488,74.12466,644,6.06,40.22,2.85,-5.0,739.7444444444445,2.574,0,random_negative_sample,924.1793420135976,2.84,20.46441802978516,29.491279220581056,0.2626775503158569
RandomPoint_124,18.807857,73.618385,634,3.48,57.76,3.86,-1.0,739.7444444444445,1.109,0,random_negative_sample,1407.6362889170646,2.677,0.0,54.5699966430664,0.2906841039657593
RandomPoint_125,18.66919,73.673764,591,1.35,226.59,1.3,4.0,739.7444444444445,1.973,0,random_negative_sample,1084.985562479496,0.914,3.64472770690918,43.457475662231445,0.475936084985733
RandomPoint_126,17.616517,74.148472,623,2.95,19.41,1.18,0.0,739.7444444444445,2.297,0,random_negative_sample,805.1342212826014,2.366,11.739685821533204,40.824832916259766,0.4636605679988861
RandomPoint_127,18.592245,74.091054,588,3.41,324.83,2.68,3.0,739.7444444444445,4.392,0,random_negative_sample,558.6567275345326,2.307,9.211054420471193,17.553660011291505,0.194249078631401
RandomPoint_128,18.797849,73.115115,90,2.1,152.14,4.03,-5.0,2804.186324786325,1.616,0,random_negative_sample,2641.544719719887,3.457,11.696131896972656,123.79068069458008,0.2373514771461486
RandomPoint_129,18.560232,74.126202,559,2.1,152.14,1.96,-1.0,739.7444444444445,3.843,0,random_negative_sample,552.7876823678613,0.301,10.045439529418946,17.18205213546753,0.2369749695062637
RandomPoint_130,17.812755,73.730992,673,3.84,194.8,4.89,7.0,739.7444444444445,2.175,0,random_negative_sample,1426.2297633051871,0.888,12.802796936035156,23.32378273010254,0.6174843907356262
RandomPoint_131,17.309107,74.194822,578,2.94,270.0,2.27,1.0,739.7444444444445,1.883,0,random_negative_sample,768.6729602903127,2.552,12.954630661010745,28.582328224182127,0.436407059431076
RandomPoint_132,18.729211,74.264309,620,4.99,100.71,4.7,8.0,739.7444444444445,2.977,0,random_negative_sample,628.7434830397367,0.998,3.356894302368164,14.65383472442627,0.2888477444648742
RandomPoint_133,18.621543,74.122124,545,0.98,90.0,0.85,-3.0,739.7444444444445,4.946,0,random_negative_sample,598.5028940036893,3.952,8.08963451385498,18.406133460998536,0.3995065689086914
RandomPoint_134,17.049573,73.904847,654,21.13,242.51,15.79,3.0,739.7444444444445,0.827,0,random_negative_sample,1335.3010771870613,3.287,32.13433151245117,77.30768985748291,0.4302966594696045
RandomPoint_135,17.664371,74.196224,668,3.48,122.24,1.71,-3.0,739.7444444444445,5.718,0,random_negative_sample,689.7884522885084,2.836,9.34235076904297,18.738763427734376,0.5140829682350159
RandomPoint_136,18.60447,74.096096,592,3.09,107.5,3.28,0.0,739.7444444444445,3.571,0,random_negative_sample,617.1577704623342,3.572,8.951012420654298,18.27336587905884,0.1625765413045883
RandomPoint_137,18.621499,73.200209,531,6.14,307.12,2.51,-1.0,2804.186324786325,3.274,0,random_negative_sample,2325.6580766677857,3.643,13.89226245880127,98.9690507888794,0.2287296503782272
RandomPoint_138,18.574749,72.962143,79,11.64,29.97,9.1,3.0,2804.186324786325,3.147,0,random_negative_sample,2738.881826519966,1.888,45.09486980438233,165.7536008834839,0.4728867709636688
RandomPoint_139,18.744334,74.08789,605,6.48,0.0,3.14,-5.0,739.7444444444445,0.679,0,random_negative_sample,630.0584857046604,1.924,5.080276107788086,20.687080001831056,0.701361358165741
RandomPoint_140,17.444867,74.02488,767,26.81,344.26,19.1,2.0,739.7444444444445,4.56,0,random_negative_sample,1022.1778028205038,0.782,8.916797637939453,33.297594451904295,0.4841824173927307
RandomPoint_141,17.920606,73.257786,221,14.52,67.93,10.48,-4.0,2804.186324786325,3.71,0,random_negative_sample,2683.9448881030085,0.702,74.30335597991943,155.01724262237548,0.7304630279541016
RandomPoint_142,18.590691,73.141393,210,13.9,43.86,14.11,-5.0,2804.186324786325,4.169,0,random_negative_sample,2492.42685585022,4.711,18.85111618041992,128.14491653442383,0.5571337342262268
RandomPoint_143,17.656524,74.096529,626,5.48,212.39,2.74,0.0,739.7444444444445,0.897,0,random_negative_sample,930.5679288387298,1.302,13.4190185546875,29.218350219726563,0.3659422099590301
RandomPoint_144,18.282963,73.399518,231,23.76,27.86,18.38,-4.0,2804.186324786325,1.56,0,random_negative_sample,1511.4244928121566,1.345,7.55380859375,51.3148609161377,0.6875947713851929
RandomPoint_145,18.962299,73.604324,812,9.26,186.03,7.18,-7.0,739.7444444444445,1.437,0,random_negative_sample,1435.5730563998222,1.85,3.0673171997070314,55.0432580947876,0.4952163398265838
RandomPoint_146,18.878474,72.973013,3,3.41,215.17,1.15,-3.0,2804.186324786325,2.401,0,random_negative_sample,2876.018171811104,1.683,19.091038131713866,135.08487968444825,0.5115959048271179
RandomPoint_147,18.940801,73.067852,80,7.09,74.88,5.13,3.0,2804.186324786325,1.07,0,random_negative_sample,2718.319132256508,2.485,30.28991985321045,121.74815883636477,0.4149828255176544
RandomPoint_148,18.925069,73.1982,44,7.38,247.93,4.39,2.0,2804.186324786325,0.739,0,random_negative_sample,2588.6346685647964,1.185,25.635498237609863,106.6993127822876,0.561133623123169
RandomPoint_149,17.216805,73.451846,167,9.9,280.71,4.55,-4.0,2804.186324786325,3.656,0,random_negative_sample,2700.634594023228,1.93,34.56052837371826,131.98707370758058,0.2602181434631347
RandomPoint_150,18.45709,73.270516,98,4.99,280.71,3.58,-6.0,2804.186324786325,1.884,0,random_negative_sample,1773.457755112648,0.47,6.615327072143555,93.04546279907228,0.4166430830955505
RandomPoint_151,18.212418,73.567135,745,14.85,31.14,10.37,22.0,739.7444444444445,1.182,0,random_negative_sample,1375.8525492429733,1.552,8.974291706085205,53.60580835342408,0.614657461643219
RandomPoint_152,17.770391,73.664882,1021,5.63,240.42,4.52,0.0,739.7444444444445,3.783,0,random_negative_sample,1699.1123113811016,2.034,17.746834564208985,38.495371627807614,0.7115818858146667
RandomPoint_153,17.509445,73.863178,1064,12.47,291.51,7.76,3.0,739.7444444444445,3.601,0,random_negative_sample,1191.679574888945,2.608,10.376095581054688,43.571628379821775,0.3182943165302276
RandomPoint_154,17.003383,74.188363,738,13.34,289.99,8.93,-4.0,739.7444444444445,1.721,0,random_negative_sample,795.0672987371684,2.073,18.05529060363769,39.71530284881592,0.3007094264030456
RandomPoint_155,18.076904,73.879145,810,6.79,144.83,4.07,10.0,739.7444444444445,3.192,0,random_negative_sample,899.1267138332129,1.428,6.667510986328125,16.125431728363036,0.2454706728458404
RandomPoint_156,18.4839,73.805943,572,0.93,0.0,1.37,7.0,739.7444444444445,0.499,0,random_negative_sample,793.2844284713268,0.397,13.872488021850586,27.05615921020508,0.2768777906894684
RandomPoint_157,18.328475,73.2953,62,9.05,239.41,5.69,-3.0,2804.186324786325,1.314,0,random_negative_sample,1935.3858058452608,1.474,29.2919282913208,92.78945941925048,0.2337909489870071
RandomPoint_158,17.627831,74.072023,683,1.86,0.0,1.78,2.0,739.7444444444445,4.656,0,random_negative_sample,914.1296168148516,1.479,9.79181671142578,41.71022033691406,0.455588549375534
RandomPoint_159,18.439509,73.250483,23,0.0,270.0,0.61,0.0,2804.186324786325,1.249,0,random_negative_sample,1740.437994629145,2.605,4.366679954528808,81.93727016448975,-0.3309728503227234
RandomPoint_160,17.618569,73.412589,101,7.38,67.93,4.08,-6.0,2804.186324786325,1.425,0,random_negative_sample,2598.6710676789285,1.94,36.46759929656982,123.96722373962402,0.4991700053215027
RandomPoint_161,17.804801,73.243483,168,10.74,244.69,8.27,-7.0,2804.186324786325,3.31,0,random_negative_sample,3003.3684923291207,1.689,51.95052337646485,207.11235961914065,0.6792184114456177
RandomPoint_162,17.254576,73.43067,169,12.56,270.0,8.51,1.0,2804.186324786325,2.238,0,random_negative_sample,2799.173299282789,3.607,35.91510524749756,150.06390647888185,0.680094838142395
RandomPoint_163,18.880727,73.815977,656,3.92,90.0,3.08,4.0,739.7444444444445,2.976,0,random_negative_sample,1063.82759975791,1.609,0.0,35.87712783813477,0.5805507898330688
RandomPoint_164,18.805611,73.723272,692,4.03,256.69,3.07,-1.0,739.7444444444445,2.963,0,random_negative_sample,1046.9403385937214,2.528,4.752338027954101,42.146366882324216,0.1798635721206665
RandomPoint_165,17.6019,73.621906,130,11.94,283.31,5.96,-7.0,739.7444444444445,1.664,0,random_negative_sample,2003.559421348572,2.839,47.54583969116211,88.32780590057374,0.5839741230010986
RandomPoint_166,17.859776,73.669977,1227,17.08,71.54,17.48,9.0,739.7444444444445,3.152,0,random_negative_sample,1547.279446977377,2.012,11.289694213867188,23.837752723693846,0.2480081468820572
RandomPoint_167,18.309411,73.497482,783,23.74,35.78,18.37,15.0,2804.186324786325,5.766,0,random_negative_sample,1365.7774258375168,3.46,11.959712982177734,52.69747543334961,0.6444929242134094
RandomPoint_168,17.88432,73.120552,193,10.11,180.0,5.35,1.0,2804.186324786325,1.59,0,random_negative_sample,2876.931906878948,2.263,49.16495895385742,166.62632369995117,0.4537689685821533
RandomPoint_169,17.946372,74.151771,690,4.74,168.06,3.75,6.0,739.7444444444445,6.721,0,random_negative_sample,619.6923469096422,3.806,8.177728462219239,12.550788688659669,0.3245243728160858
RandomPoint_170,18.59205,73.054537,85,25.79,45.19,16.23,-3.0,2804.186324786325,4.505,0,random_negative_sample,2474.6549858570097,3.112,8.722822761535644,89.75299587249756,0.534133791923523
RandomPoint_171,17.169591,73.573178,220,15.67,349.43,9.8,-4.0,739.7444444444445,2.45,0,random_negative_sample,2417.528641480208,1.485,28.630795288085935,167.5003293991089,0.4891713261604309
RandomPoint_172,18.265882,73.302782,18,4.73,218.41,2.59,-3.0,2804.186324786325,2.601,0,random_negative_sample,1838.4821855664247,0.914,19.721667098999024,77.48560218811035,0.5725736021995544
RandomPoint_173,18.636847,73.926707,588,1.35,313.41,2.52,-2.0,739.7444444444445,2.261,0,random_negative_sample,607.276346822083,1.072,0.0,11.80608386993408,0.1629158854484558
RandomPoint_174,18.345591,73.136961,44,4.2,207.86,4.54,-2.0,2804.186324786325,1.182,0,random_negative_sample,2381.637270712853,2.52,23.991006660461423,129.41579189300538,0.5977501273155212
RandomPoint_175,17.489685,73.512705,41,7.46,231.75,5.75,-3.0,2804.186324786325,2.573,0,random_negative_sample,2472.9504067361354,1.605,50.66492233276367,114.58042240142822,0.6136698722839355
RandomPoint_176,18.699475,72.909242,212,33.76,71.62,24.31,12.0,2804.186324786325,2.669,0,random_negative_sample,2661.0141141176223,2.746,28.14216709136963,130.7186502456665,0.3972874581813812
RandomPoint_177,17.828882,73.744648,926,23.27,213.93,18.12,-6.0,739.7444444444445,2.59,0,random_negative_sample,1426.2297633051871,1.672,12.802796936035156,23.32378273010254,0.7354742884635925
RandomPoint_178,17.38887,73.844531,986,5.64,170.01,5.21,-5.0,739.7444444444445,4.072,0,random_negative_sample,1564.4747565329076,3.87,35.70086517333984,70.53305091857911,0.5460712313652039
RandomPoint_179,17.988754,73.165977,147,13.27,40.86,10.08,8.0,2804.186324786325,5.408,0,random_negative_sample,2786.828241717815,3.216,55.68603096008301,169.3711093902588,0.7787725329399109
RandomPoint_180,18.501929,73.955069,568,3.48,57.76,1.56,-1.0,739.7444444444445,4.289,0,random_negative_sample,541.0395720481872,0.591,8.067836380004882,15.887767314910889,0.443062424659729
RandomPoint_181,17.213175,73.437719,142,2.7,133.41,3.33,4.0,2804.186324786325,4.156,0,random_negative_sample,2818.9068571031094,0.423,37.62912368774414,162.8901611328125,0.6197386980056763
RandomPoint_182,17.351773,74.236949,637,4.2,332.14,1.38,2.0,739.7444444444445,6.134,0,random_negative_sample,595.5775722026825,0.503,7.770850563049317,13.154687786102295,0.4445949196815491
RandomPoint_183,17.498397,74.072505,648,0.98,90.0,2.04,-1.0,739.7444444444445,3.132,0,random_negative_sample,934.55557847023,1.672,10.977488708496091,31.44418125152588,0.5030347108840942
RandomPoint_184,17.912924,74.002125,792,8.71,137.82,6.15,5.0,739.7444444444445,5.005,0,random_negative_sample,908.8024914324284,2.273,7.989323425292969,16.686543273925782,0.3132327198982239
RandomPoint_185,18.335155,74.281839,675,6.55,188.59,3.76,-2.0,739.7444444444445,5.025,0,random_negative_sample,593.3303021788597,2.677,8.061084747314453,12.471340465545657,0.1835047006607055
RandomPoint_186,18.190905,74.225059,611,7.46,308.25,3.72,3.0,739.7444444444445,5.84,0,random_negative_sample,467.3325695842505,3.449,8.33005256652832,11.806367206573489,0.1797827780246734
RandomPoint_187,18.782852,73.718978,632,0.98,270.0,1.46,-1.0,739.7444444444445,2.458,0,random_negative_sample,1019.9081534028052,0.263,0.0,35.838178634643555,0.071139320731163
RandomPoint_188,18.438548,73.557167,795,25.78,137.6,16.59,-3.0,739.7444444444445,0.761,0,random_negative_sample,1142.7373918652534,1.518,0.0,28.922966766357423,0.6591874957084656
RandomPoint_189,18.661138,73.621808,624,5.63,119.58,3.33,2.0,739.7444444444445,0.954,0,random_negative_sample,1264.9651496946813,1.976,3.152157974243164,47.900930404663086,0.3313249349594116
RandomPoint_190,18.794416,73.915483,586,4.2,27.86,2.55,4.0,739.7444444444445,2.392,0,random_negative_sample,732.9712588727474,3.771,0.0,22.015993881225587,0.4067907929420471
RandomPoint_191,17.949349,73.188787,85,6.14,307.12,6.18,5.0,2804.186324786325,0.553,0,random_negative_sample,2882.3098896503448,2.233,67.55187339782715,186.324613571167,0.7056975960731506
RandomPoint_192,17.494479,73.756492,709,14.46,120.2,11.24,1.0,739.7444444444445,6.883,0,random_negative_sample,1820.0442342162128,6.775,21.00016384124756,59.62686977386475,0.5570536255836487
RandomPoint_193,18.531627,73.58195,567,1.86,0.0,0.95,0.0,739.7444444444445,0.746,0,random_negative_sample,1194.4911144852638,1.716,0.0,28.350625610351564,0.459525465965271
RandomPoint_194,18.253497,73.211896,38,2.7,226.59,1.93,2.0,2804.186324786325,2.309,0,random_negative_sample,2168.663481354713,1.3,21.28142642974853,94.3694269180298,0.4353734254837036
RandomPoint_195,17.54343,73.279564,147,8.77,90.0,5.31,7.0,2804.186324786325,3.316,0,random_negative_sample,2875.949888056517,6.076,53.25974578857422,131.8151544570923,0.7096752524375916
RandomPoint_196,18.080304,73.007561,32,8.36,173.3,4.85,4.0,2804.186324786325,1.06,0,random_negative_sample,2710.434085094929,1.233,45.81718444824219,173.3332977294922,0.3820728659629822
RandomPoint_197,17.462523,73.840925,1008,23.86,68.49,15.22,0.0,739.7444444444445,2.293,0,random_negative_sample,1458.399018484354,1.863,21.685131072998047,39.60157070159912,0.4657416641712188
RandomPoint_198,17.815199,73.613917,884,12.17,72.5,10.77,2.0,739.7444444444445,1.499,0,random_negative_sample,1866.199444425106,2.12,22.30617866516113,41.81751899719238,0.8535358309745789
RandomPoint_199,17.831548,73.110252,61,6.14,307.12,8.72,-1.0,2804.186324786325,4.68,0,random_negative_sample,2905.2056725144384,1.379,46.704193115234375,200.73481292724608,0.4559902846813202
RandomPoint_200,17.840287,74.157258,824,4.74,348.06,3.19,4.0,739.7444444444445,3.188,0,random_negative_sample,665.0703659892082,4.605,6.960333251953125,17.96146125793457,0.2726989984512329
RandomPoint_201,18.168159,73.843284,629,6.06,220.22,5.68,-3.0,739.7444444444445,2.343,0,random_negative_sample,1056.4905308306218,2.659,11.359893035888671,25.35829391479492,0.4228332340717315
RandomPoint_202,18.713464,73.948392,599,5.56,0.0,4.32,0.0,739.7444444444445,3.801,0,random_negative_sample,681.4461876302958,1.518,0.0,20.36995658874512,0.4152368605136871
RandomPoint_203,17.703518,73.930213,777,14.87,64.69,8.51,5.0,739.7444444444445,2.775,0,random_negative_sample,994.106923225522,2.305,14.452490234375,29.747021484375,0.651240348815918
RandomPoint_204,18.706896,74.230146,561,0.93,180.0,1.38,-1.0,739.7444444444445,1.228,0,random_negative_sample,512.6327243790031,1.391,2.5717494964599608,12.0457950592041,0.518105149269104
RandomPoint_205,17.838043,73.921274,706,5.56,0.0,2.66,2.0,739.7444444444445,0.827,0,random_negative_sample,1070.921079814434,0.343,14.08275909423828,24.439594650268557,0.1421708762645721
RandomPoint_206,18.092265,73.704879,645,4.34,115.31,2.74,0.0,739.7444444444445,5.772,0,random_negative_sample,1133.3846935272218,1.584,8.040780639648437,19.082847595214844,-0.2814668416976928
RandomPoint_207,17.672259,73.818713,1004,4.34,115.31,4.64,-4.0,739.7444444444445,8.27,0,random_negative_sample,1398.2094712853432,2.706,12.031427764892578,36.89664306640625,0.4255432486534118
RandomPoint_208,17.788041,73.646588,1040,4.03,76.69,4.48,5.0,739.7444444444445,2.157,0,random_negative_sample,1861.435951197148,1.97,17.383111190795898,36.802214813232425,0.7475948333740234
RandomPoint_209,17.054204,73.764124,332,13.41,232.26,11.7,4.0,739.7444444444445,1.434,0,random_negative_sample,1955.8581891417505,2.507,31.86217193603516,95.7175546646118,0.737862229347229
RandomPoint_210,17.271399,73.492548,6,3.09,252.5,1.54,2.0,2804.186324786325,2.296,0,random_negative_sample,2677.337584286928,1.473,33.74988689422607,120.11877326965332,0.392634630203247
RandomPoint_211,17.100569,73.368656,145,4.2,332.14,3.45,-2.0,2804.186324786325,3.692,0,random_negative_sample,2976.6481113761665,0.97,61.70859603881836,196.81740493774413,0.4954988360404968
RandomPoint_212,17.423321,73.290269,155,4.81,305.35,4.39,3.0,2804.186324786325,1.864,0,random_negative_sample,2923.3573213994505,1.873,35.522616958618165,130.9504837036133,0.7692522406578064
RandomPoint_213,18.522459,73.368689,598,7.64,165.2,4.9,-4.0,2804.186324786325,1.5,0,random_negative_sample,1346.4283908247949,2.515,0.0,37.22372894287109,0.5529778599739075
RandomPoint_214,18.50402,74.047886,542,0.93,180.0,0.73,1.0,739.7444444444445,2.694,0,random_negative_sample,648.1739664316177,1.424,7.246164703369141,20.633648300170897,0.2002227455377578
RandomPoint_215,17.038767,73.609129,165,10.69,133.41,6.26,4.0,739.7444444444445,1.722,0,random_negative_sample,2377.001815718412,0.831,70.20547866821289,122.44205265045166,0.6229259371757507
RandomPoint_216,18.999816,73.324941,52,2.1,27.86,1.59,2.0,2804.186324786325,1.565,0,random_negative_sample,2144.9728839755057,1.019,18.650158405303955,89.15450983047485,0.3972707390785217
RandomPoint_217,18.300288,73.97185,891,4.9,90.0,2.71,3.0,739.7444444444445,6.776,0,random_negative_sample,609.6586884409189,1.29,8.49982795715332,19.9351640701294,0.502025306224823
RandomPoint_218,18.303509,73.93135,813,11.05,185.03,7.1,1.0,739.7444444444445,4.979,0,random_negative_sample,683.2436527580023,3.924,6.3713737487792965,18.97555923461914,0.3001292645931244
RandomPoint_219,18.899223,73.099041,134,8.78,50.96,5.29,-1.0,2804.186324786325,1.4,0,random_negative_sample,2723.2943749904634,3.999,16.547480964660643,109.37243061065674,0.6326096057891846
RandomPoint_220,17.252442,73.804188,1041,7.38,112.07,3.84,-2.0,739.7444444444445,4.324,0,random_negative_sample,1645.9274849116805,8.54,21.431216430664065,67.19451141357422,0.4877919256687164
RandomPoint_221,18.127939,73.126947,55,6.93,57.76,7.98,-2.0,2804.186324786325,2.691,0,random_negative_sample,2511.5463285923006,1.353,25.897130012512207,138.12548961639405,0.4201045334339142
RandomPoint_222,18.39893,73.950347,864,0.0,270.0,0.85,-2.0,739.7444444444445,5.571,0,random_negative_sample,577.9686054378748,1.171,5.895161437988281,18.616134071350096,0.3148103952407837
RandomPoint_223,17.335578,73.710871,741,32.0,221.18,26.66,5.0,739.7444444444445,1.284,0,random_negative_sample,1758.5172250270844,4.616,35.8638313293457,105.54971809387207,0.6863754391670227
RandomPoint_224,18.638602,74.247081,539,1.96,90.0,1.72,0.0,739.7444444444445,2.748,0,random_negative_sample,534.7140606753528,1.445,7.390487098693848,14.221423244476318,0.4720554947853088
RandomPoint_225,17.623914,73.816021,1192,5.03,157.08,3.73,-5.0,739.7444444444445,3.777,0,random_negative_sample,1456.3207552075387,3.934,19.43481540679932,45.57673435211181,0.1673223376274109
RandomPoint_226,18.916346,73.394982,401,21.09,282.13,17.04,5.0,2804.186324786325,2.655,0,random_negative_sample,2111.785126805305,5.344,23.04233703613281,85.95078544616699,0.5411361455917358
RandomPoint_227,18.430029,72.913995,16,4.03,283.31,5.73,3.0,2804.186324786325,4.624,0,random_negative_sample,2718.5986800432206,3.701,39.74302425384521,145.9993700027466,0.6589516401290894
RandomPoint_228,18.381229,73.740864,690,5.39,313.41,5.2,0.0,739.7444444444445,7.975,0,random_negative_sample,883.7585904300213,3.05,3.518207550048828,17.964618110656737,0.2756941020488739
RandomPoint_229,17.203803,73.958721,634,3.84,14.8,3.03,1.0,739.7444444444445,1.435,0,random_negative_sample,990.0492003068327,1.401,11.61910514831543,36.08688163757324,0.4520472586154938
RandomPoint_230,18.700586,73.700617,591,0.93,0.0,1.26,1.0,739.7444444444445,1.46,0,random_negative_sample,1004.441880941391,1.486,0.0,34.89459037780762,0.396542340517044
RandomPoint_231,17.24211,74.275767,777,28.9,199.97,18.08,-7.0,739.7444444444445,7.065,0,random_negative_sample,812.4235751301051,3.025,13.843481826782227,23.891560745239257,0.5174860954284668
RandomPoint_232,18.565271,73.320806,394,22.8,249.69,18.32,-16.0,2804.186324786325,1.456,0,random_negative_sample,1726.3988486289977,2.455,0.0,44.41432495117188,0.5827425122261047
RandomPoint_233,17.856756,73.355856,138,8.63,115.31,7.59,8.0,2804.186324786325,2.968,0,random_negative_sample,2473.0716271281244,1.119,33.619790649414064,142.1723545074463,0.7016696929931641
RandomPoint_234,18.011922,73.311847,171,17.27,33.45,9.2,-6.0,2804.186324786325,4.512,0,random_negative_sample,2404.615482592583,0.262,25.067154121398925,133.35625743865967,0.5603827834129333
RandomPoint_235,18.699151,74.033496,588,2.1,152.14,1.64,-3.0,739.7444444444445,4.48,0,random_negative_sample,644.9343274965883,3.003,6.588167381286621,21.56446075439453,0.4359501600265503
RandomPoint_236,17.211078,74.241181,577,2.17,244.69,1.13,1.0,739.7444444444445,4.836,0,random_negative_sample,668.6323425792158,2.878,13.116575813293457,21.60731868743897,0.566402792930603
RandomPoint_237,18.27117,74.043061,802,4.9,90.0,6.52,11.0,739.7444444444445,4.834,0,random_negative_sample,669.9098522335291,2.34,8.280006217956544,15.39103479385376,0.3259359300136566
RandomPoint_238,18.414617,73.453231,847,11.66,274.51,10.85,15.0,2804.186324786325,1.073,0,random_negative_sample,1191.3789987564087,1.307,7.4224344253540036,47.41056461334229,0.7008252739906311
RandomPoint_239,18.467591,74.248211,592,2.79,0.0,2.58,5.0,739.7444444444445,8.037,0,random_negative_sample,524.5836770266294,0.798,4.898954200744629,11.271674251556396,0.2958362102508545
RandomPoint_240,17.540165,74.012299,787,19.31,56.27,18.05,1.0,739.7444444444445,5.669,0,random_negative_sample,1015.4918973326684,2.816,20.07103500366211,37.73209247589112,0.3345435559749603
RandomPoint_241,18.076346,73.525246,108,27.74,326.35,21.79,-2.0,2804.186324786325,0.756,0,random_negative_sample,1824.659506243468,1.122,21.41355171203613,95.71624336242677,0.4963991940021515
RandomPoint_242,17.871149,73.896539,1126,35.18,241.11,25.36,-5.0,739.7444444444445,2.892,0,random_negative_sample,1126.1816558539867,4.656,17.731661224365233,23.027724075317384,0.3146807253360748
RandomPoint_243,17.536791,74.07757,615,4.34,244.69,2.84,0.0,739.7444444444445,1.666,0,random_negative_sample,911.0406787887216,0.39,11.698098754882812,33.97329483032227,0.5519459247589111
RandomPoint_244,18.661462,72.929994,58,3.09,252.5,2.58,0.0,2804.186324786325,4.86,0,random_negative_sample,2661.0141141176223,4.026,28.14216709136963,130.7186502456665,0.6710145473480225
RandomPoint_245,18.763262,73.165795,80,21.78,80.66,13.43,7.0,2804.186324786325,2.115,0,random_negative_sample,2550.5843558073043,5.039,17.00710277557373,129.91798229217528,0.4964805245399475
RandomPoint_246,18.701906,73.07276,77,14.82,348.79,11.22,5.0,2804.186324786325,2.966,0,random_negative_sample,2621.643329453468,2.501,35.139590644836424,156.43207263946533,0.7504675388336182
RandomPoint_247,17.42424,73.996749,794,27.4,262.81,18.47,-16.0,739.7444444444445,4.657,0,random_negative_sample,829.59617651999,2.983,10.908073043823242,28.88998708724976,0.3111739754676819
RandomPoint_248,17.680678,74.12048,664,4.34,64.69,2.8,0.0,739.7444444444445,2.568,0,random_negative_sample,794.3670136213302,2.911,11.035391998291017,36.50144805908203,0.2400017231702804
RandomPoint_249,18.402368,73.214403,25,4.34,115.31,4.8,2.0,2804.186324786325,1.165,0,random_negative_sample,1967.1805320978165,1.322,21.34858570098877,93.94782276153563,0.3432475328445434
RandomPoint_250,17.020302,74.222094,633,7.46,51.75,3.88,5.0,739.7444444444445,2.139,0,random_negative_sample,668.669939340651,2.178,17.491470718383788,34.97660255432129,0.2147638797760009
RandomPoint_251,17.171226,73.880112,904,5.39,226.59,4.84,-4.0,739.7444444444445,4.237,0,random_negative_sample,1427.7253863215446,3.237,18.713229751586915,50.026055908203126,0.3722736239433288
RandomPoint_252,17.977156,73.937247,800,0.0,270.0,2.24,-2.0,739.7444444444445,3.721,0,random_negative_sample,942.4585531175136,1.794,8.98134765625,20.18236560821533,0.3205053806304931
RandomPoint_253,18.381219,73.768854,695,3.09,72.5,3.58,2.0,739.7444444444445,5.663,0,random_negative_sample,970.6159532308578,0.919,3.293380355834961,18.233717918396,0.3849483728408813
RandomPoint_254,17.981643,73.989399,782,2.1,152.14,1.37,1.0,739.7444444444445,3.024,0,random_negative_sample,801.9388609021902,1.555,7.869110107421875,17.200170707702636,0.359334260225296
RandomPoint_255,18.383574,73.259309,114,0.98,90.0,2.06,-3.0,2804.186324786325,2.906,0,random_negative_sample,1774.0011347174643,2.196,4.213882064819336,59.39434623718262,0.5682181119918823
RandomPoint_256,18.163111,73.509891,191,24.89,265.99,16.23,-1.0,2804.186324786325,2.052,0,random_negative_sample,1527.9902674198152,0.543,10.6433988571167,61.13433418273926,0.3990307152271271
RandomPoint_257,18.061844,73.438256,111,13.97,49.31,14.22,9.0,2804.186324786325,2.544,0,random_negative_sample,1929.3030534029008,2.492,13.752354431152344,132.729097366333,0.7112777829170227
RandomPoint_258,18.491871,73.296187,65,16.46,279.48,8.88,0.0,2804.186324786325,2.788,0,random_negative_sample,1773.457755112648,1.521,6.615327072143555,93.04546279907228,0.5072253942489624
RandomPoint_259,18.40571,73.206375,21,1.35,226.59,1.92,2.0,2804.186324786325,0.615,0,random_negative_sample,1967.1805320978165,2.206,21.34858570098877,93.94782276153563,0.3885664343833923
RandomPoint_260,18.071728,73.943284,671,5.48,32.39,2.94,4.0,739.7444444444445,1.41,0,random_negative_sample,842.5953805655241,1.778,9.097240447998049,15.355892181396484,0.6205793619155884
RandomPoint_261,17.968397,73.886878,716,0.98,270.0,2.2,7.0,739.7444444444445,1.96,0,random_negative_sample,1098.1711593687537,1.99,12.0314453125,22.22017059326172,0.272865891456604
RandomPoint_262,18.953214,73.586955,762,3.09,287.5,1.85,-2.0,739.7444444444445,0.885,0,random_negative_sample,1553.3851267457007,1.056,2.7207762718200685,63.22655153274536,0.3753925263881683
RandomPoint_263,18.06827,73.211467,3,0.0,270.0,3.53,0.0,2804.186324786325,1.629,0,random_negative_sample,2531.9844615221023,0.752,28.453996467590333,117.6121057510376,0.5883637070655823
RandomPoint_264,18.94859,73.630038,787,10.82,21.03,9.04,3.0,739.7444444444445,2.192,0,random_negative_sample,1421.5232255339622,0.863,0.0,53.94099769592285,0.705927848815918
RandomPoint_265,18.394835,72.989419,132,27.41,318.62,17.53,-16.0,2804.186324786325,4.489,0,random_negative_sample,2689.147661399841,1.927,25.165060615539552,148.93614559173585,0.6599612832069397
RandomPoint_266,18.736922,73.536318,765,26.25,283.31,18.15,1.0,2804.186324786325,2.466,0,random_negative_sample,1545.3415115833282,2.2,3.443334197998047,50.99125747680664,0.5812206268310547
RandomPoint_267,18.745439,73.661096,610,4.34,115.31,1.92,-6.0,739.7444444444445,4.488,0,random_negative_sample,1122.309056764841,1.79,2.575571823120117,44.48428611755371,0.0954760983586311
RandomPoint_268,17.938794,73.460703,91,27.0,217.28,16.04,-7.0,2804.186324786325,1.42,0,random_negative_sample,2153.255233037472,1.213,45.08771648406982,105.96723232269288,0.4482740759849548
RandomPoint_269,18.882127,73.516594,677,1.35,133.41,0.57,2.0,2804.186324786325,3.09,0,random_negative_sample,1743.8582772493362,0.093,0.0,57.18351593017578,0.296898603439331
RandomPoint_270,18.644231,73.401061,749,8.24,304.05,5.64,0.0,2804.186324786325,0.547,0,random_negative_sample,1696.1923458576202,1.718,3.492538261413574,48.081583976745605,0.7474909424781799
RandomPoint_271,17.148164,73.744169,660,17.11,322.22,16.36,14.0,739.7444444444445,4.758,0,random_negative_sample,1764.2791438221932,9.225,18.900187683105468,88.03664932250976,0.8053998947143555
RandomPoint_272,18.125679,73.255753,116,9.41,348.06,9.02,0.0,2804.186324786325,1.193,0,random_negative_sample,2267.0100779294967,0.737,25.345670890808105,110.25515308380128,0.628899335861206
RandomPoint_273,18.528887,73.709476,576,2.7,313.41,1.78,-2.0,739.7444444444445,0.752,0,random_negative_sample,838.1422066986561,2.632,3.544444274902344,18.962255859375,0.3599371910095215
RandomPoint_274,18.581482,73.138531,84,8.78,230.96,6.61,7.0,2804.186324786325,4.899,0,random_negative_sample,2492.42685585022,3.646,18.85111618041992,128.14491653442383,0.613750696182251
RandomPoint_275,18.045145,73.475772,15,5.94,98.96,2.91,-1.0,2804.186324786325,1.805,0,random_negative_sample,1976.1427549362184,1.885,30.007678031921387,88.94440364837646,0.1401348263025283
RandomPoint_276,17.885442,74.09025,794,4.2,27.86,1.71,4.0,739.7444444444445,1.806,0,random_negative_sample,905.5949353784324,2.594,14.723016738891602,22.200071334838867,0.4316915273666382
RandomPoint_277,18.242055,73.714446,1030,29.06,352.91,25.23,2.0,739.7444444444445,3.204,0,random_negative_sample,1005.373011058569,2.116,10.012926864624024,26.806383323669436,0.3700138330459595
RandomPoint_278,18.480179,74.221385,567,3.41,324.83,2.07,-9.0,739.7444444444445,7.409,0,random_negative_sample,524.5836770266294,0.758,4.898954200744629,11.271674251556396,0.2648623287677765
RandomPoint_279,18.320856,73.035586,274,3.71,180.0,4.45,2.0,2804.186324786325,3.156,0,random_negative_sample,2559.566772770881,2.237,36.37727241516113,125.83248405456544,0.7230932712554932
RandomPoint_280,17.005351,73.475756,243,13.2,206.01,9.26,5.0,2804.186324786325,3.141,0,random_negative_sample,2817.139704221487,5.77,61.58496189117432,132.93036060333253,0.4202589988708496
RandomPoint_281,18.187622,73.236889,164,13.28,313.41,10.67,4.0,2804.186324786325,3.418,0,random_negative_sample,2303.778289401532,3.287,22.364560317993163,110.48357391357422,0.7035238146781921
RandomPoint_282,17.462952,73.860434,730,14.16,125.35,7.61,-5.0,739.7444444444445,0.566,0,random_negative_sample,1171.1753394842149,3.085,15.24738655090332,42.549125289916994,0.4006040394306183
RandomPoint_283,18.405975,73.481047,781,3.84,345.2,5.08,-3.0,2804.186324786325,0.931,0,random_negative_sample,1191.3789987564087,3.81,7.4224344253540036,47.41056461334229,0.7322725653648376
RandomPoint_284,18.37477,74.185867,693,1.86,180.0,1.01,0.0,739.7444444444445,1.858,0,random_negative_sample,507.68136593550446,2.938,6.406653594970703,15.127698135375976,0.375088483095169
RandomPoint_285,18.575656,73.737587,566,2.7,133.41,2.17,0.0,739.7444444444445,2.296,0,random_negative_sample,848.2429347515106,0.077,0.0,18.458590698242187,0.5339042544364929
RandomPoint_286,18.322366,74.200503,689,0.93,180.0,1.41,1.0,739.7444444444445,2.658,0,random_negative_sample,502.0227027326822,1.669,5.675001525878907,12.291672420501708,0.4170010685920715
RandomPoint_287,17.850278,73.616844,790,20.66,136.99,15.87,2.0,739.7444444444445,0.652,0,random_negative_sample,1852.974451673031,1.669,24.44298572540283,37.71192111968994,0.8357164263725281
RandomPoint_288,18.295269,74.162617,698,6.55,188.59,2.57,-2.0,739.7444444444445,2.026,0,random_negative_sample,538.956597495079,0.722,5.396662712097168,10.957758235931395,0.1932823210954666
RandomPoint_289,18.653262,72.907115,194,40.22,236.21,28.14,-6.0,2804.186324786325,2.328,0,random_negative_sample,2661.0141141176223,1.665,28.14216709136963,130.7186502456665,0.2154749780893325
RandomPoint_290,17.331846,73.261418,81,16.91,122.24,11.8,1.0,2804.186324786325,0.857,0,random_negative_sample,2893.5307194858788,1.936,32.81822662353515,121.62135982513428,0.6706165075302124
RandomPoint_291,18.377356,73.849601,826,6.16,107.5,3.26,0.0,739.7444444444445,5.011,0,random_negative_sample,838.8992926657199,0.748,7.046590042114258,19.277614974975585,0.2805036604404449
RandomPoint_292,18.885352,73.550708,659,0.0,270.0,0.0,0.0,739.7444444444445,0.533,0,random_negative_sample,1577.8957493543626,2.973,0.0,62.73530063629151,-0.1834166944026947
RandomPoint_293,17.079722,73.448043,35,10.83,80.24,10.54,11.0,2804.186324786325,0.237,0,random_negative_sample,2935.091898199916,0.929,70.24519729614258,209.97400093078613,0.5948590040206909
RandomPoint_294,17.644643,73.175552,105,14.0,335.63,10.11,4.0,2804.186324786325,1.387,0,random_negative_sample,3078.2511779129504,0.627,77.26390342712402,196.20529251098637,0.6514706015586853
RandomPoint_295,17.182654,74.242867,567,0.98,270.0,0.61,-3.0,739.7444444444445,3.08,0,random_negative_sample,694.898967116326,0.31,13.566184043884276,23.95478744506836,0.4857260584831238
RandomPoint_296,18.671917,73.662799,667,16.53,292.48,12.04,-1.0,739.7444444444445,2.288,0,random_negative_sample,1084.985562479496,2.082,3.64472770690918,43.457475662231445,0.2898292243480682
RandomPoint_297,18.901573,74.299359,568,0.98,270.0,1.64,7.0,739.7444444444445,0.505,0,random_negative_sample,694.2810823529959,1.176,2.395289421081543,17.935421562194826,0.5161632299423218
RandomPoint_298,18.344563,73.204267,192,6.55,351.41,6.06,-6.0,2804.186324786325,2.952,0,random_negative_sample,2096.061566448212,1.127,26.251000785827635,98.30893306732176,0.7204394936561584
RandomPoint_299,17.080463,73.934403,565,1.35,46.59,0.84,2.0,739.7444444444445,1.064,0,random_negative_sample,1304.7431607723236,1.131,25.82347717285156,47.10724086761475,0.499289721250534
RandomPoint_300,17.941002,73.777264,929,26.48,86.27,22.3,-3.0,739.7444444444445,2.953,0,random_negative_sample,1421.529329007864,1.372,11.93136520385742,21.798180961608885,0.2780539989471435
Khopoli,18.787747,73.3438185,78,3.84,14.8,1.28,-3.0,2804.186324786325,0.387,1,documented_positive,2397.408410906792,0.176,2.857987880706787,95.83442296981812,0.4129818975925445
Poladpur,17.9942535,73.467238,38,3.41,35.17,3.01,-9.0,2804.186324786325,0.402,1,documented_positive,2067.8124001979827,1.666,30.38705348968506,90.3702299118042,0.3202319145202636
Gavhan,18.961852,73.013938,8,0.93,180.0,1.6,-1.0,2804.186324786325,4.782,1,documented_positive,2786.840656971932,0.701,31.3730806350708,147.43834552764892,0.3285837769508362
Mahad,18.080753,73.42438,10,1.35,133.41,1.34,2.0,2804.186324786325,0.784,1,documented_positive,1929.3030534029008,0.273,13.752354431152344,132.729097366333,0.4158008694648742
Morba,18.2105109,73.2481557,16,1.96,90.0,1.67,0.0,2804.186324786325,1.236,1,documented_positive,2267.547603499889,3.171,23.79052410125733,98.36816234588623,0.1414149105548858
Birwadi,18.0976814,73.461795,13,3.09,252.5,1.89,4.0,2804.186324786325,3.575,1,documented_positive,1823.049224948883,1.275,17.566185760498048,98.44035110473632,0.4760531783103943
Mandad,18.2968597,73.0603136,40,7.46,308.25,5.82,-1.0,2804.186324786325,1.662,1,documented_positive,2518.7626173496246,1.257,26.069914245605467,134.3585678100586,0.2213601619005203
Jasai,18.9317805,73.0188301,3,2.7,313.41,1.87,2.0,2804.186324786325,1.595,1,documented_positive,2800.95989933014,0.91,28.77312488555908,144.09403858184814,0.1240392252802848
Nhave,18.4423101,73.0088054,12,3.41,324.83,2.47,-3.0,2804.186324786325,1.612,1,documented_positive,2582.637421441078,2.353,39.85054664611816,164.68798370361327,0.2674731016159057
Shrivardhan,18.055747,73.033543,17,6.9,82.3,4.71,0.0,2804.186324786325,1.381,1,documented_positive,2710.434085094929,3.564,45.81718444824219,173.3332977294922,0.2756107449531555
Pachad,18.2365558,73.4206063,320,10.52,163.92,7.99,6.0,2804.186324786325,1.902,1,documented_positive,1502.4101242184638,0.171,12.113154697418214,67.53053255081177,0.1172976195812225
Adoshi,18.75891,73.330515,100,2.17,244.69,1.22,-1.0,2804.186324786325,1.176,1,documented_positive,2397.408410906792,1.071,2.857987880706787,95.83442296981812,0.3121018409729004
Waral,18.2073591,73.0495602,19,4.05,226.59,1.99,-2.0,2804.186324786325,2.661,1,documented_positive,2603.422482299805,4.761,21.278862762451173,126.68750534057617,0.1493507921695709
Kalsuri,18.2235173,73.0389976,61,3.48,302.24,3.93,1.0,2804.186324786325,2.85,1,documented_positive,2603.422482299805,3.397,21.278862762451173,126.68750534057617,0.1835539788007736
Murud rural,18.332423,72.9543,15,4.99,100.71,2.02,-6.0,2804.186324786325,2.457,1,documented_positive,2704.3069047212603,2.897,38.08339691162109,153.64613342285156,0.329983651638031
Killa,18.9922122,73.5126118,643,27.16,348.44,28.34,-3.0,2804.186324786325,1.926,1,documented_positive,1618.7116453647614,1.64,7.497023773193359,44.58757667541504,0.2454537004232406
Devaghar,18.198965,73.4913151,74,2.1,27.86,1.76,1.0,2804.186324786325,1.674,1,documented_positive,1568.2747339844705,0.91,10.421748924255372,75.51945896148682,0.157645583152771
Kshetra mahabaleshwar,17.9642829,73.6629021,1332,5.48,147.61,5.39,-2.0,739.7444444444445,1.873,1,documented_positive,1430.7547336637974,0.979,7.530393981933594,23.76404228210449,0.179958626627922
Kumbharoshi,17.9353363,73.5935068,746,3.71,180.0,3.08,4.0,739.7444444444445,1.38,1,documented_positive,1834.0731102108955,1.74,18.06785640716553,53.19207706451416,0.3238895535469055
Devali,17.8433228,73.6554765,718,0.98,270.0,4.2,-7.0,739.7444444444445,2.584,1,documented_positive,1654.9051717042923,0.636,13.236349487304688,46.86695232391357,0.3176779150962829
Nandgane,17.95624,73.7261152,776,9.9,280.71,5.52,-8.0,739.7444444444445,0.514,1,documented_positive,1216.844065827131,0.403,7.377552032470703,23.291607284545897,0.6411125659942627
Dhangarwadi,17.9816721,73.6625147,827,5.64,9.99,3.01,3.0,739.7444444444445,1.034,1,documented_positive,1430.7547336637974,2.839,7.530393981933594,23.76404228210449,0.4039625823497772
Nakinda,18.0361879,73.6543822,1390,5.89,199.41,7.13,-6.0,739.7444444444445,2.041,1,documented_positive,1405.2735542953014,2.602,9.481038665771484,22.771159744262697,0.7928631901741028
Salave,17.2778043,73.8793125,685,8.1,142.94,4.53,0.0,739.7444444444445,0.34,1,documented_positive,1354.751952558756,5.236,17.319712448120118,49.44735488891602,0.382609099149704
Jinti,17.1113898,74.070457,676,10.7,320.57,4.94,-2.0,739.7444444444445,2.468,1,documented_positive,1114.5573400378228,0.316,18.386074447631835,34.06116523742676,0.3806325197219848
Avakali,17.9282576,73.7085179,1302,8.82,84.0,5.4,6.0,739.7444444444445,3.112,1,documented_positive,1278.9048665642738,1.234,9.915658569335935,22.42593097686768,0.1521811187267303
Manghar,17.8863892,73.6455871,1101,3.48,302.24,3.22,-3.0,739.7444444444445,1.174,1,documented_positive,1852.974451673031,2.216,24.44298572540283,37.71192111968994,0.2865731418132782
Kusavade,17.6469579,73.7314653,738,15.09,72.5,11.93,3.0,739.7444444444445,11.06,1,documented_positive,1585.931967294216,7.599,14.693515014648437,51.69673290252685,0.8682234287261963
Haroshi,17.9364387,73.6126041,749,10.72,274.92,7.67,-8.0,739.7444444444445,0.612,1,documented_positive,1733.0751315712928,1.518,14.972819519042968,39.87377529144287,0.2338714748620987
Kusumbi,17.7691329,73.8216885,710,4.2,332.14,2.71,2.0,739.7444444444445,4.082,1,documented_positive,1392.889789152145,2.914,15.311346435546875,33.52697143554688,0.4060246348381042
Mahind,17.066204,74.0785223,693,5.03,202.92,4.09,-5.0,739.7444444444445,3.867,1,documented_positive,1106.1590616494418,2.445,15.609102249145508,36.051490783691406,0.3539913594722748
Chikhali,17.8668638,73.6863448,1096,9.4,321.59,6.46,6.0,739.7444444444445,1.395,1,documented_positive,1547.279446977377,0.887,11.289694213867188,23.837752723693846,0.3846244812011719
Dhavali,17.6777697,73.8153061,1037,16.62,102.55,12.34,-3.0,739.7444444444445,8.096,1,documented_positive,1398.2094712853432,2.926,12.031427764892578,36.89664306640625,0.3514383733272552
Thoseghar,17.6604443,73.9338315,656,2.17,244.69,1.26,1.0,739.7444444444445,0.981,1,documented_positive,982.8556455552578,1.487,13.694073486328126,27.957174682617183,0.3314866125583648
Kalgaon,17.1683745,73.9595284,672,2.1,332.14,1.65,1.0,739.7444444444445,1.63,1,documented_positive,1013.0060528486968,0.338,19.403749084472658,31.78173370361328,0.3396193981170654
Yerane Kh.,17.8700054,73.7025668,788,6.16,287.5,6.72,-6.0,739.7444444444445,0.487,1,documented_positive,1343.445788139105,0.94,10.09298858642578,17.578070068359374,0.4294730722904205
Yerane Bk.,17.8700054,73.7025668,788,6.16,287.5,6.72,-6.0,739.7444444444445,0.487,1,documented_positive,1343.445788139105,0.94,10.09298858642578,17.578070068359374,0.4294730722904205
Ghonaspur,17.8449999,73.6102022,1046,9.4,141.59,4.94,-6.0,739.7444444444445,1.526,0,documented_negative,1866.199444425106,2.585,22.30617866516113,41.81751899719238,0.2935473024845123
Rajapuri,18.3036119,72.9702218,11,0.0,270.0,1.39,0.0,2804.186324786325,2.642,0,documented_negative,2704.3069047212603,0.751,38.08339691162109,153.64613342285156,0.2673902809619903
Mahabaleshwar,17.9242764,73.6575799,1365,0.93,180.0,2.12,-1.0,739.7444444444445,3.29,0,documented_negative,1552.5797899782658,0.482,18.517904472351077,34.88305606842041,0.0928734093904495
Goroshi,17.875633,73.6340189,735,7.1,155.63,8.18,8.0,739.7444444444445,0.792,0,documented_negative,1852.974451673031,0.683,24.44298572540283,37.71192111968994,0.5605747103691101
Jaoli,17.7257557,73.6989362,715,15.2,219.12,11.63,-5.0,739.7444444444445,2.086,0,documented_negative,1736.4327444911005,0.465,44.707168388366696,66.2778226852417,0.5073946714401245
Hatlot,17.8663473,73.6037522,717,9.05,120.59,4.66,1.0,739.7444444444445,0.194,0,documented_negative,1852.974451673031,2.714,24.44298572540283,37.71192111968994,0.2725862860679626
Petpar,17.9147569,73.5870266,740,15.35,325.8,7.97,-7.0,739.7444444444445,0.545,0,documented_negative,1834.0731102108955,1.52,18.06785640716553,53.19207706451416,0.3482654392719269
Morni,17.7326979,73.6327325,784,19.22,242.28,16.67,-10.0,739.7444444444445,1.031,0,documented_negative,1872.67398211956,2.956,19.776900482177734,49.8307466506958,0.5690796971321106
Chaturbet,17.8605611,73.6293411,673,4.34,64.69,2.94,-2.0,739.7444444444445,1.088,0,documented_negative,1852.974451673031,0.084,24.44298572540283,37.71192111968994,0.277996152639389
Dare,17.9474795,73.6413508,830,18.89,174.25,12.3,-15.0,739.7444444444445,0.345,0,documented_negative,1733.0751315712928,2.033,14.972819519042968,39.87377529144287,0.7362199425697327
Dudhoshi,17.9219845,73.6144924,772,10.3,190.88,8.64,3.0,739.7444444444445,1.004,0,documented_negative,1733.0751315712928,1.272,14.972819519042968,39.87377529144287,0.4162963926792145
Shiravali,17.8979322,73.6188268,750,7.38,247.93,7.04,-2.0,739.7444444444445,1.116,0,documented_negative,1852.974451673031,0.183,24.44298572540283,37.71192111968994,0.3246797025203705
Tapola,17.9240637,73.6616904,1380,10.3,190.88,6.83,-1.0,739.7444444444445,3.595,0,documented_negative,1552.5797899782658,0.075,18.517904472351077,34.88305606842041,0.6240022778511047
Akalpe,17.728279,73.6953773,674,8.24,235.95,5.93,-6.0,739.7444444444445,1.778,0,documented_negative,1736.4327444911005,0.157,44.707168388366696,66.2778226852417,0.4462630450725555
Mahalunge,18.5733175,73.7558142,568,3.09,252.5,2.03,2.0,739.7444444444445,3.058,0,documented_negative,939.087755548954,0.946,9.599740600585935,31.325096893310548,0.0731311216950416
Met Shindi,17.7198451,73.6020118,671,1.35,313.41,1.8,-6.0,739.7444444444445,1.049,0,documented_negative,1872.67398211956,2.575,19.776900482177734,49.8307466506958,0.4703617990016937
Shindi,17.7198451,73.6020118,671,1.35,313.41,1.8,-6.0,739.7444444444445,1.049,0,documented_negative,1872.67398211956,2.575,19.776900482177734,49.8307466506958,0.4703617990016937
Chakdev,17.721631,73.5794212,936,2.95,340.59,3.15,-2.0,739.7444444444445,2.701,0,documented_negative,1927.7644183039663,2.966,17.53352451324463,41.99304904937744,0.2499493509531021
Nivali,17.06177,73.4491,66,12.89,55.47,11.51,-1.0,2804.186324786325,1.787,0,documented_negative,2935.091898199916,0.44,70.24519729614258,209.97400093078613,0.5003629326820374
Achali,17.8676219,73.7015863,733,7.77,298.39,8.45,5.0,739.7444444444445,0.582,0,documented_negative,1343.445788139105,0.749,10.09298858642578,17.578070068359374,0.2740886509418487
Saloshi,17.7696127,73.624741,678,4.2,207.86,2.73,0.0,739.7444444444445,0.737,0,documented_negative,1861.435951197148,1.476,17.383111190795898,36.802214813232425,0.3535071015357971
Kandat,17.7770828,73.6100374,685,3.71,180.0,2.99,0.0,739.7444444444445,1.22,0,documented_negative,1861.435951197148,3.221,17.383111190795898,36.802214813232425,0.3979273736476898
Kharoshi,17.8076107,73.6508729,668,11.19,205.67,5.55,4.0,739.7444444444445,0.108,0,documented_negative,1654.9051717042923,0.254,13.236349487304688,46.86695232391357,0.4042746126651764
Birmani,17.8881716,73.5838937,746,4.64,180.0,5.2,5.0,739.7444444444445,0.507,0,documented_negative,1941.5245691537857,3.67,23.108596420288087,44.52084655761719,0.5069132447242737
Kumthe,17.9092237,73.5707617,772,9.41,348.06,7.25,-4.0,739.7444444444445,1.543,0,documented_negative,1834.0731102108955,3.133,18.06785640716553,53.19207706451416,0.3417337834835052
Khingar,17.914357,73.826348,1197,0.93,0.0,6.16,-9.0,739.7444444444445,3.26,1,manually_verified_positive,1194.1019740343097,0.74,7.849356079101563,15.916877555847169,0.432678073644638
Kaswand,17.898931,73.779998,1308,17.27,33.45,9.41,0.0,739.7444444444445,1.734,1,manually_verified_positive,1445.4214788675308,2.4,15.218840026855467,22.539984893798827,0.6796940565109253
Machutar,17.890024,73.722778,1201,28.04,346.98,22.15,15.0,739.7444444444445,1.479,1,manually_verified_positive,1343.445788139105,0.969,10.09298858642578,17.578070068359374,0.731120228767395
Dhardev,17.859559,73.731446,1114,20.09,100.21,13.45,7.0,739.7444444444445,3.105,1,manually_verified_positive,1343.445788139105,2.342,10.09298858642578,17.578070068359374,0.5083504915237427
Umbari,17.890957,73.770123,1176,32.94,223.46,23.89,9.0,739.7444444444445,2.671,1,manually_verified_positive,1445.4214788675308,2.821,15.218840026855467,22.539984893798827,0.6220440864562988
Danavali,17.9003,73.75179,1241,10.72,274.92,5.11,6.0,739.7444444444445,1.797,1,manually_verified_positive,1421.529329007864,2.833,11.93136520385742,21.798180961608885,0.3731195032596588
Bhekavali,17.909821,73.699166,1242,36.43,102.69,22.76,-20.0,739.7444444444445,4.217,1,manually_verified_positive,1552.5797899782658,1.588,18.517904472351077,34.88305606842041,0.725005567073822
Ambral,17.907743,73.833963,1289,19.65,35.17,10.24,2.0,739.7444444444445,3.673,1,manually_verified_positive,1194.1019740343097,0.309,7.849356079101563,15.916877555847169,0.4113448560237884
Taighat,17.92877,73.770441,1278,4.03,76.69,4.48,1.0,739.7444444444445,1.831,1,manually_verified_positive,1421.529329007864,1.626,11.93136520385742,21.798180961608885,0.5237756371498108
Pangari,17.931126,73.759763,1168,18.18,350.99,16.49,-1.0,739.7444444444445,2.756,1,manually_verified_positive,1421.529329007864,2.735,11.93136520385742,21.798180961608885,0.6406871676445007
Ghavri,17.861719,73.686879,960,6.48,180.0,6.13,1.0,739.7444444444445,1.665,1,manually_verified_positive,1547.279446977377,0.959,11.289694213867188,23.837752723693846,0.4660564959049225
Dhokawale,17.504887,73.76593,996,12.41,152.14,8.51,-2.0,739.7444444444445,6.669,1,manually_verified_positive,1802.682431286573,8.031,22.594033432006835,58.45756492614746,0.822620689868927
Mandrulkole,17.24601,73.957286,617,3.84,345.2,2.04,-1.0,739.7444444444445,0.892,1,manually_verified_positive,990.0492003068327,1.683,11.61910514831543,36.08688163757324,0.3346269428730011
Kondivate,18.072481,73.456383,71,26.13,289.31,19.14,3.0,2804.186324786325,2.384,1,manually_verified_positive,1823.049224948883,1.609,17.566185760498048,98.44035110473632,0.7029048800468445
Tise,18.37552,73.243712,74,10.52,163.92,6.66,-8.0,2804.186324786325,1.122,1,manually_verified_positive,1955.6027178764343,2.95,14.161290168762209,73.1199426651001,0.724347710609436
Ambeghar tarf Marli,17.280899,73.820469,802,22.61,308.54,15.43,-3.0,739.7444444444445,3.429,1,manually_verified_positive,1645.9274849116805,5.765,21.431216430664065,67.19451141357422,0.5733951330184937
Posare,17.528269,73.411113,22,6.55,171.41,4.64,4.0,2804.186324786325,1.35,1,manually_verified_positive,2703.520483857393,2.964,63.38449401855469,118.4633399963379,0.3373536169528961
Rohan,18.066082,73.337097,75,12.69,81.72,10.13,-3.0,2804.186324786325,2.371,1,manually_verified_positive,2266.3540229558944,0.402,19.325009536743163,121.47200431823732,0.6951609253883362
Diksal-Pali,18.967982,73.325039,59,7.46,231.75,5.94,5.0,2804.186324786325,2.07,1,manually_verified_positive,2144.9728839755057,2.068,18.650158405303955,89.15450983047485,0.3494581282138824
Vave,18.577327,72.96894,25,2.7,313.41,1.9,0.0,2804.186324786325,2.43,1,manually_verified_positive,2738.881826519966,1.119,45.09486980438233,165.7536008834839,0.460572749376297
Govele (Govele Sutarwadi proxy),18.144116,73.206477,235,4.03,256.69,1.99,-1.0,2804.186324786325,2.266,1,manually_verified_positive,2454.507773220539,2.931,33.44231491088867,126.9183219909668,0.4948019683361053
Kodvite (approximate),18.081822,73.410845,7,0.93,180.0,1.21,-3.0,2804.186324786325,1.107,1,manually_verified_positive,1929.3030534029008,0.807,13.752354431152344,132.729097366333,0.5696282386779785
Shindewadi,18.04567,73.442461,142,11.76,278.96,9.94,4.0,2804.186324786325,3.921,1,manually_verified_positive,2089.4694158554075,2.077,21.668652534484863,101.07556629180908,0.6288402080535889
Rajpuri,17.906245,73.844386,1211,11.94,103.31,12.5,5.0,739.7444444444445,3.838,1,manually_verified_positive,1194.1019740343097,0.938,7.849356079101563,15.916877555847169,0.6531414985656738
Durshet,18.704497,73.294131,74,10.1,105.84,7.28,1.0,2804.186324786325,0.84,1,manually_verified_positive,2392.82180800438,3.339,3.2219560623168944,99.9596872329712,0.5643399357795715
Godavali,17.925531,73.815142,1253,8.71,137.82,6.67,3.0,739.7444444444445,2.996,1,manually_verified_positive,1194.1019740343097,1.064,7.849356079101563,15.916877555847169,0.1306772977113723
Dandeghar,17.931841,73.811394,1252,3.84,14.8,4.41,-7.0,739.7444444444445,3.375,1,manually_verified_positive,1194.1019740343097,1.401,7.849356079101563,15.916877555847169,0.3978985846042633
Yavateshwar,17.691321,73.929462,777,14.12,213.05,11.84,3.0,739.7444444444445,3.052,1,manually_verified_positive,982.8556455552578,3.241,13.694073486328126,27.957174682617183,0.4326995611190796
Ghoteghar,17.889656,73.780966,1201,20.33,146.27,17.73,-3.0,739.7444444444445,2.398,1,manually_verified_positive,1445.4214788675308,2.209,15.218840026855467,22.539984893798827,0.7425175905227661
Gureghar,17.924358,73.739182,1267,3.84,345.2,2.76,3.0,739.7444444444445,3.31,1,manually_verified_positive,1278.9048665642738,2.145,9.915658569335935,22.42593097686768,0.4666947722434997
Ranjani,17.88647,73.795888,885,13.67,113.59,6.33,-5.0,739.7444444444445,2.024,1,manually_verified_positive,1445.4214788675308,2.106,15.218840026855467,22.539984893798827,0.3218084871768951
Nagewadi,17.921651,73.839126,902,12.69,130.41,6.71,-7.0,739.7444444444445,4.815,1,manually_verified_positive,1194.1019740343097,1.384,7.849356079101563,15.916877555847169,0.3676388263702392
Yeruli,18.028663,73.831665,1296,15.44,3.56,24.74,0.0,739.7444444444445,5.116,1,manually_verified_positive,1103.9779487609862,2.242,6.126516342163086,14.08631534576416,0.6536984443664551
Kotroshi,17.811225,73.686073,695,15.02,345.2,7.19,-2.0,739.7444444444445,2.023,1,manually_verified_positive,1654.9051717042923,0.545,13.236349487304688,46.86695232391357,0.5892954468727112
Katavali,17.906134,73.801515,908,6.76,196.81,8.67,9.0,739.7444444444445,0.478,1,manually_verified_positive,1194.1019740343097,2.28,7.849356079101563,15.916877555847169,0.3986045122146606
Sambarwadi,17.676356,73.959676,1039,13.41,52.26,8.29,-2.0,739.7444444444445,3.489,1,manually_verified_positive,816.1630245745182,0.562,10.770526123046874,26.3809326171875,0.5153919458389282
Moleshwar,17.883422,73.725886,1244,4.03,256.69,1.73,-3.0,739.7444444444445,1.642,1,manually_verified_positive,1343.445788139105,0.504,10.09298858642578,17.578070068359374,0.5504176020622253
Tekavali,17.881107,73.720275,1303,2.95,340.59,3.26,2.0,739.7444444444445,2.239,1,manually_verified_positive,1343.445788139105,1.151,10.09298858642578,17.578070068359374,0.7713542580604553
Bambavade,17.511177,73.925111,648,3.84,14.8,3.07,3.0,739.7444444444445,3.351,1,manually_verified_positive,986.6243720114232,0.153,13.52878189086914,35.65365352630615,0.4103969633579254
Dudhgaon,17.870434,73.651328,747,22.02,291.16,14.69,3.0,739.7444444444445,1.538,1,manually_verified_positive,1547.279446977377,1.624,11.289694213867188,23.837752723693846,0.8463672995567322
Malusar,17.884717,73.673607,1307,15.37,110.73,8.6,-3.0,739.7444444444445,2.987,1,manually_verified_positive,1547.279446977377,2.967,11.289694213867188,23.837752723693846,0.745069146156311
Vivar,17.850259,73.690557,817,26.48,86.27,16.01,3.0,739.7444444444445,2.546,1,manually_verified_positive,1547.279446977377,1.499,11.289694213867188,23.837752723693846,0.406122624874115
Rameghar,17.791878,73.739775,656,7.64,345.2,5.23,8.0,739.7444444444445,4.659,1,manually_verified_positive,1523.9789146661758,0.434,22.44405918121338,40.5731409072876,0.5519520044326782
Walne,17.76105,73.709603,815,19.47,42.77,17.55,-14.0,739.7444444444445,5.272,1,manually_verified_positive,1523.9789146661758,1.101,22.44405918121338,40.5731409072876,0.4728513062000274
Amshi,17.811942,73.69817,884,22.92,163.51,14.9,0.0,739.7444444444445,3.033,1,manually_verified_positive,1654.9051717042923,1.327,13.236349487304688,46.86695232391357,0.6331340074539185
Rule,17.790687,73.678856,674,17.97,180.0,9.05,6.0,739.7444444444445,2.151,1,manually_verified_positive,1699.1123113811016,0.67,17.746834564208985,38.495371627807614,0.5740626454353333
Marli,17.830779,73.812852,828,15.96,253.53,11.94,1.0,739.7444444444445,2.8,1,manually_verified_positive,1317.9451601326466,3.546,13.322402381896971,26.13432025909424,0.5064111351966858
Kalambe,17.512107,73.892008,1054,8.06,226.59,4.55,-4.0,739.7444444444445,5.509,1,manually_verified_positive,1191.679574888945,2.109,10.376095581054688,43.571628379821775,0.2369083166122436
Kondhawi,17.922860633688806,73.45583441691618,248,31.08,38.73,26.4,-5.0,2804.186324786325,3.177,1,manually_verified_positive_batch2,2153.255233037472,2.108,45.08771648406982,105.96723232269288,0.6792625784873962
Vadval,18.781556364888687,73.27232236944701,119,2.95,199.41,1.79,0.0,2804.186324786325,2.065,1,manually_verified_positive_batch2,2515.97421760559,1.758,0.0,100.6963508605957,0.3989983201026916
Kaire,18.87803109464852,73.17669964888482,25,2.1,27.86,2.25,1.0,2804.186324786325,1.386,1,manually_verified_positive_batch2,2622.702219200134,3.024,17.12156448364258,133.05667686462402,0.1666295975446701
Kavadi,17.860107583088304,73.80932782089901,850,8.53,13.22,7.95,-3.0,739.7444444444445,2.272,1,manually_verified_positive_batch2,1259.3585104525089,2.757,17.392455673217775,26.34929313659668,0.453195184469223
Rasati,17.378170112071555,73.75310843309111,737,23.01,313.41,19.1,8.0,739.7444444444445,2.408,1,manually_verified_positive_batch2,1840.1206717014315,3.457,19.57615966796875,82.56466159820556,0.7847102880477905
Agudewadi,17.72496622134341,73.88110080045875,744,6.79,35.17,3.94,-4.0,739.7444444444445,2.642,1,manually_verified_positive_batch2,1145.593996846676,3.109,12.070780944824218,27.79526138305664,0.413435161113739
Ghavari,17.862127960255638,73.68722200555581,964,11.01,180.0,10.74,4.0,739.7444444444445,1.608,1,manually_verified_positive_batch2,1547.279446977377,0.905,11.289694213867188,23.837752723693846,0.4186867475509643
Danvali_2,17.90001459679568,73.75316304098288,1253,5.39,226.59,3.48,-2.0,739.7444444444445,1.924,1,manually_verified_positive_batch2,1445.4214788675308,2.933,15.218840026855467,22.539984893798827,0.2994641065597534
Honad,18.77327132299508,73.31043127921072,65,2.94,270.0,3.25,1.0,2804.186324786325,0.371,1,manually_verified_positive_batch2,2397.408410906792,1.581,2.857987880706787,95.83442296981812,0.314151793718338
KasbePali,18.65819248772942,73.05731111435567,2,0.98,270.0,0.73,-1.0,2804.186324786325,1.47,1,manually_verified_positive_batch2,2568.2681933879853,3.707,22.571312713623048,132.45065040588378,0.1990955770015716
Taldev,17.825664492230036,73.69209505467968,1079,6.76,196.81,5.06,3.0,739.7444444444445,3.003,1,manually_verified_positive_batch2,1654.9051717042923,1.911,13.236349487304688,46.86695232391357,0.3364691436290741
KapadeBk,17.966582541097257,73.49058806171266,151,29.2,324.35,17.99,21.0,2804.186324786325,1.297,1,manually_verified_positive_batch2,2067.8124001979827,0.849,30.38705348968506,90.3702299118042,0.5757335424423218
LowerTudil,18.07024696013737,73.36184850006124,8,0.93,0.0,1.69,-1.0,2804.186324786325,1.197,1,manually_verified_positive_batch2,2077.618804347515,1.947,18.935853004455566,109.86910343170166,0.5512337684631348
Vaijali,18.767229779184003,72.9432957281361,22,3.48,122.24,2.23,-3.0,2804.186324786325,3.973,1,manually_verified_positive_batch2,2852.1364342451097,1.642,25.98303508758545,142.85780963897705,0.403752326965332
Ranjni_2,17.886714896709634,73.79520178968758,893,11.66,160.59,9.8,8.0,739.7444444444445,2.003,1,manually_verified_positive_batch2,1445.4214788675308,2.093,15.218840026855467,22.539984893798827,0.3390136361122131
Parut,17.88397306969547,73.65670979211761,1133,22.72,201.62,18.06,-3.0,739.7444444444445,2.036,1,manually_verified_positive_batch2,1547.279446977377,2.629,11.289694213867188,23.837752723693846,0.3631941080093384
Devasare,17.85353411507346,73.71605562669389,982,34.45,271.35,25.65,9.0,739.7444444444445,2.719,1,manually_verified_positive_batch2,1343.445788139105,1.298,10.09298858642578,17.578070068359374,0.6530029773712158
Padum,18.45027389785792,73.1069997309047,5,4.03,103.31,1.85,1.0,2804.186324786325,1.984,1,manually_verified_positive_batch2,2324.04479701519,1.567,20.27762641906738,114.58224067687988,0.3498445451259613
Ruighar,17.911992030785242,73.78148932564571,1014,35.84,15.13,27.62,-24.0,739.7444444444445,0.378,1,manually_verified_positive_batch2,1421.529329007864,0.94,11.93136520385742,21.798180961608885,0.4278892874717712
Kalamgaon,17.832747883515836,73.66708413701618,746,16.53,247.52,12.39,3.0,739.7444444444445,2.89,1,manually_verified_positive_batch2,1654.9051717042923,0.873,13.236349487304688,46.86695232391357,0.6753746271133423
Ghot,17.487729928984383,73.93662503259819,683,4.03,283.31,2.15,1.0,739.7444444444445,2.992,1,manually_verified_positive_batch2,985.458348029852,1.374,11.04337558746338,31.893389320373537,0.3887717425823211
Asani,17.83945481632095,73.77633582829597,742,7.39,221.38,3.82,-5.0,739.7444444444445,1.18,1,manually_verified_positive_batch2,1525.0235818743706,2.186,13.009757995605469,25.808252334594727,0.4389629960060119
Pale,18.837192344955582,73.003961846401,46,21.93,281.62,16.2,-2.0,2804.186324786325,1.878,1,manually_verified_positive_batch2,2758.710201883316,1.424,18.51318988800049,135.96124057769777,0.4042398929595947
Lohare,18.017172693725414,73.44789604051698,100,5.89,340.59,3.44,-8.0,2804.186324786325,3.669,1,manually_verified_positive_batch2,2089.4694158554075,3.606,21.668652534484863,101.07556629180908,0.4617018699645996
Banpuri,17.27009006075977,73.93339645994453,661,12.5,198.02,9.34,1.0,739.7444444444445,1.666,1,manually_verified_positive_batch2,1161.602925118804,1.773,12.23441390991211,35.87621374130249,0.2255722880363464
Varsoli koli,17.806381057875857,73.75632466637427,1153,26.64,253.09,18.97,-5.0,739.7444444444445,4.042,1,manually_verified_positive_batch2,1525.0235818743706,1.671,13.009757995605469,25.808252334594727,0.6687098145484924
Vadgare,17.810969530401245,73.76464334694195,1005,35.87,67.59,27.19,8.0,739.7444444444445,3.037,1,manually_verified_positive_batch2,1525.0235818743706,1.331,13.009757995605469,25.808252334594727,0.6650354862213135
Killemorgiri,17.334497310566213,73.84699366777589,652,7.94,21.62,7.06,1.0,739.7444444444445,3.347,1,manually_verified_positive_batch2,1563.634058958292,1.945,22.167845153808592,59.13114776611328,0.2356183230876922
Parambe,17.734289925185273,73.84629291933773,1054,2.17,64.69,3.61,-3.0,739.7444444444445,5.577,1,manually_verified_positive_batch2,1395.7913317382336,1.697,17.8939866065979,33.98064546585083,0.4165520370006561
Mhate kh,17.79702617040143,73.7928035756007,1078,1.35,46.59,5.53,0.0,739.7444444444445,2.406,1,manually_verified_positive_batch2,1569.2700253546238,3.857,14.625896644592284,31.311409950256348,0.5518328547477722
Malkampeth,17.962101102304185,73.86310200737212,716,2.17,244.69,1.78,-3.0,739.7444444444445,0.651,1,manually_verified_positive_batch2,1098.1711593687537,3.436,12.0314453125,22.22017059326172,0.5538035035133362
Wahoor,18.09517364719652,73.37547570242326,18,2.1,207.86,1.39,-1.0,2804.186324786325,0.762,1,manually_verified_positive_batch2,2077.618804347515,1.416,18.935853004455566,109.86910343170166,0.3293804824352264
Hatgeghar,17.858351447993343,73.8199154640064,834,5.39,46.59,4.45,-2.0,739.7444444444445,2.402,1,manually_verified_positive_batch2,1259.3585104525089,3.606,17.392455673217775,26.34929313659668,0.4283921718597412
Apti,17.77204107358537,73.76830830971058,710,6.79,324.83,6.7,8.0,739.7444444444445,4.245,1,manually_verified_positive_batch2,1569.2700253546238,1.842,14.625896644592284,31.311409950256348,0.4397061467170715
Mandhardeo,18.04183977818048,73.87720290537447,1299,7.1,155.63,6.49,-2.0,739.7444444444445,4.891,1,manually_verified_positive_batch2,953.7229257047176,0.889,5.613971328735351,11.783715724945068,0.2772803008556366
Vahagaon,17.33280671960414,74.1564732356189,575,1.96,90.0,1.2,4.0,739.7444444444445,1.333,1,manually_verified_positive_batch2,768.6729602903127,1.494,12.954630661010745,28.582328224182127,0.5314561724662781
Dasale,17.45569119896814,73.96641480839587,1009,2.95,19.41,4.08,0.0,739.7444444444445,5.795,1,manually_verified_positive_batch2,798.6558141082526,1.126,10.744993209838867,24.045763778686524,0.1438474655151367
Cholai,17.971993759028464,73.46266217491441,68,8.96,101.87,8.07,-5.0,2804.186324786325,2.286,1,manually_verified_positive_batch2,2067.8124001979827,0.84,30.38705348968506,90.3702299118042,0.6331323981285095
Bahule,17.299886322474315,74.02178120404454,612,0.98,90.0,1.33,-3.0,739.7444444444445,4.416,1,manually_verified_positive_batch2,1193.614957755804,2.695,18.76923370361328,34.11237087249756,0.0860038921236991
Pangare,17.62809000919678,73.8814899673716,1021,8.78,309.04,8.48,11.0,739.7444444444445,5.051,1,manually_verified_positive_batch2,1164.7112977713346,1.995,14.80597219467163,32.76890325546265,0.5990923643112183
Apte,18.855060797330623,73.13105576940016,9,2.17,115.31,1.81,-3.0,2804.186324786325,3.422,1,manually_verified_positive_batch2,2675.323900437355,0.269,16.17408447265625,114.18469696044922,0.5042544007301331
Punavadi,17.867807986333226,73.76657175716764,770,7.81,270.0,4.36,2.0,739.7444444444445,0.834,1,manually_verified_positive_batch2,1445.4214788675308,1.207,15.218840026855467,22.539984893798827,0.5556734800338745
Borne,17.609374032578923,73.8848981821655,1080,6.9,82.3,4.78,-8.0,739.7444444444445,4.544,1,manually_verified_positive_batch2,1164.7112977713346,1.764,14.80597219467163,32.76890325546265,0.1976123750209808
Chawane,18.85573461926509,73.158711993188,21,9.9,280.71,6.85,-4.0,2804.186324786325,3.507,1,manually_verified_positive_batch2,2622.702219200134,0.573,17.12156448364258,133.05667686462402,0.2833601236343384
Pangaloli,17.90744348913889,73.47500890267693,258,18.94,267.29,13.06,-1.0,2804.186324786325,1.398,1,manually_verified_positive_batch2,2153.255233037472,0.351,45.08771648406982,105.96723232269288,0.6777511835098267
Jalu,17.50109998813297,73.89222224725728,1026,9.61,149.57,5.09,4.0,739.7444444444445,4.409,1,manually_verified_positive_batch2,1191.679574888945,1.74,10.376095581054688,43.571628379821775,0.2367467433214187
Kisrule,17.468870759270033,73.77369744051678,735,21.5,253.25,13.11,-5.0,739.7444444444445,6.162,1,manually_verified_positive_batch2,1820.0442342162128,6.162,21.00016384124756,59.62686977386475,0.7128992080688477
KasbeSatara,17.773938099049026,73.83173972526063,684,0.0,270.0,0.0,0.0,739.7444444444445,3.945,1,manually_verified_positive_batch2,1392.889789152145,3.452,15.311346435546875,33.52697143554688,-0.4249598979949951
Bhuteghar,17.905070586073652,73.72913821307787,1006,37.43,192.94,28.52,-18.0,739.7444444444445,1.348,1,manually_verified_positive_batch2,1278.9048665642738,2.227,9.915658569335935,22.42593097686768,0.4818485081195831
Shindola,17.902648361608755,73.68528487328038,1281,2.1,207.86,3.49,1.0,739.7444444444445,3.69,1,manually_verified_positive_batch2,1552.5797899782658,2.719,18.517904472351077,34.88305606842041,0.8652130365371704
Kalamgaon kalamkar,17.82302230202682,73.67349164966882,920,20.73,274.92,11.93,-2.0,739.7444444444445,1.914,1,manually_verified_positive_batch2,1654.9051717042923,0.865,13.236349487304688,46.86695232391357,0.861079752445221
Davari,17.287536927838023,73.95123562883414,952,5.39,46.59,4.28,4.0,739.7444444444445,2.55,1,manually_verified_positive_batch2,972.7049313336612,1.482,8.798731994628906,25.941189670562743,0.4526287019252777
Varoshi,17.86772467105768,73.75089035448806,872,24.86,121.67,15.23,-6.0,739.7444444444445,0.867,1,manually_verified_positive_batch2,1445.4214788675308,0.204,15.218840026855467,22.539984893798827,0.2565576434135437
